GoodCustomer,Gender,ForeignWorker,Single,Age,LoanDuration,PurposeOfLoan,LoanAmount,LoanRateAsPercentOfIncome,YearsAtCurrentHome,NumberOfOtherLoansAtBank,NumberOfLiableIndividuals,HasTelephone,CheckingAccountBalance_geq_0,CheckingAccountBalance_geq_200,SavingsAccountBalance_geq_100,SavingsAccountBalance_geq_500,MissedPayments,NoCurrentLoan,CriticalAccountOrLoansElsewhere,OtherLoansAtBank,OtherLoansAtStore,HasCoapplicant,HasGuarantor,OwnsHouse,RentsHouse,Unemployed,YearsAtCurrentJob_lt_1,YearsAtCurrentJob_geq_4,JobClassIsSkilled
1,1,0,1,67,6,2,1169,4,4,2,1,1,0,0,0,0,1,0,1,0,0,0,0,1,0,0,0,1,1
0,0,0,0,22,48,2,5951,2,2,1,1,0,1,0,0,0,1,0,0,0,0,0,0,1,0,0,0,0,1
1,1,0,1,49,12,1,2096,2,3,1,2,0,0,0,0,0,1,0,1,0,0,0,0,1,0,0,0,1,0
1,1,0,1,45,42,3,7882,2,4,1,2,0,0,0,0,0,1,0,0,0,0,0,1,0,0,0,0,1,1
0,1,0,1,53,24,5,4870,3,4,2,2,0,0,0,0,0,0,0,0,0,0,0,0,0,0,0,0,0,1
1,1,0,1,35,36,1,9055,2,4,1,2,1,0,0,0,0,1,0,0,0,0,0,0,0,0,0,0,0,0
1,1,0,1,53,24,3,2835,3,4,1,1,0,0,0,1,1,1,0,0,0,0,0,0,1,0,0,0,1,1
1,1,0,1,35,36,9,6948,2,2,1,1,1,1,0,0,0,1,0,0,0,0,0,0,0,1,0,0,0,1
1,1,0,0,61,12,2,3059,2,4,1,1,0,0,0,1,1,1,0,0,0,0,0,0,1,0,0,0,1,0
0,1,0,0,28,30,5,5234,4,2,2,1,0,1,0,0,0,1,0,1,0,0,0,0,1,0,1,0,0,1
0,0,0,0,25,12,5,1295,3,1,1,1,0,1,0,0,0,1,0,0,0,0,0,0,0,1,0,1,0,1
0,0,0,0,24,48,0,4308,3,4,1,1,0,0,0,0,0,1,0,0,0,0,0,0,0,1,0,1,0,1
1,0,0,0,22,12,2,1567,1,1,1,1,1,1,0,0,0,1,0,0,0,0,0,0,1,0,0,0,0,1
0,1,0,1,60,24,5,1199,4,4,2,1,0,0,0,0,0,1,0,1,0,0,0,0,1,0,0,0,1,0
1,0,0,0,28,15,5,1403,2,4,1,1,0,0,0,0,0,1,0,0,0,0,0,0,0,1,0,0,0,1
0,0,0,0,32,24,2,1282,4,2,1,1,0,0,0,1,0,1,0,0,0,0,0,0,1,0,0,0,0,0
1,1,0,1,53,24,2,2424,4,4,2,1,0,0,0,0,0,1,0,1,0,0,0,0,1,0,0,0,1,1
1,1,0,1,25,30,0,8072,2,3,3,1,0,0,0,0,0,1,0,0,1,0,0,0,1,0,0,1,0,1
0,0,0,0,44,24,9,12579,4,2,1,1,1,1,0,0,0,1,0,0,0,0,0,0,0,0,0,0,1,1
1,1,0,1,31,24,2,3430,3,2,1,2,1,0,0,1,1,1,0,0,0,0,0,0,1,0,0,0,1,1
1,1,0,1,48,9,5,2134,4,4,3,1,1,0,0,0,0,1,0,1,0,0,0,0,1,0,0,0,0,1
1,1,0,1,44,6,2,2647,2,3,1,2,0,0,0,1,1,1,0,0,0,0,0,0,0,1,0,0,0,1
1,1,1,1,48,10,5,2241,1,3,2,2,0,0,0,0,0,1,0,1,0,0,0,0,0,1,0,1,0,0
1,1,0,1,44,12,9,1804,3,4,1,1,0,1,0,1,0,1,0,1,0,0,0,0,1,0,0,1,0,1
1,1,1,0,26,10,3,2069,2,1,2,1,0,0,0,0,0,1,0,1,0,0,0,0,1,0,0,0,0,1
1,1,0,1,36,6,3,1374,1,2,1,1,1,0,0,0,0,1,0,0,1,0,0,0,1,0,0,0,0,0
1,1,0,0,39,6,2,426,4,4,1,1,0,0,0,0,0,1,0,0,0,0,0,0,1,0,0,0,1,0
1,0,0,0,42,12,2,409,3,3,2,1,0,1,1,1,1,1,1,0,0,0,0,0,0,1,0,0,0,1
1,1,0,1,34,7,2,2415,3,2,1,1,0,1,0,0,0,1,0,0,0,0,0,1,1,0,0,0,0,1
0,1,0,1,63,60,0,6836,3,4,2,1,1,0,0,0,0,0,0,0,0,0,0,0,1,0,0,0,1,1
1,1,0,0,36,18,0,1913,3,3,1,1,1,1,0,1,1,1,0,0,1,0,0,0,1,0,0,1,0,1
1,1,0,1,27,24,3,4020,2,2,1,1,0,0,0,0,0,1,0,0,0,0,0,0,1,0,0,0,0,1
1,1,0,1,30,18,5,5866,2,2,2,1,1,1,0,1,0,1,0,0,0,0,0,0,1,0,0,0,0,1
1,1,0,1,57,12,0,1264,4,4,1,1,0,0,0,0,0,1,0,1,0,0,0,0,0,1,0,0,1,0
1,0,0,0,33,12,3,1474,4,1,1,1,1,1,1,0,0,1,0,0,1,0,0,0,1,0,0,1,0,1
0,1,0,1,25,45,2,4746,4,2,2,1,0,1,0,0,0,1,0,1,0,0,0,0,1,0,0,1,0,0
1,1,0,1,31,48,1,6110,1,3,1,1,1,0,0,0,0,1,0,1,1,0,0,0,0,0,0,0,0,1
0,1,0,1,37,18,2,2100,4,2,1,1,0,1,1,0,0,1,0,0,0,0,1,0,1,0,0,0,0,1
1,1,0,1,37,10,4,1225,2,2,1,1,1,1,1,0,0,1,0,0,0,0,0,0,1,0,0,0,0,1
1,1,0,1,24,9,2,458,4,3,1,1,0,1,0,0,0,1,0,0,0,0,0,0,1,0,0,0,0,1
1,1,0,1,30,30,2,2333,4,2,1,1,0,0,0,1,1,1,0,0,1,0,0,0,1,0,0,0,1,1
1,1,0,0,26,12,2,1158,3,1,1,1,1,1,0,1,1,1,0,0,0,0,0,0,1,0,0,0,0,1
1,1,0,1,44,18,7,6204,2,4,1,2,1,1,0,0,0,0,0,0,0,0,0,0,1,0,0,0,0,0
1,1,0,0,24,30,9,6187,1,4,2,1,0,0,0,1,0,1,0,1,0,0,0,0,0,1,0,0,1,1
0,0,0,0,58,48,9,6143,4,4,2,1,0,0,0,0,0,1,0,1,0,0,0,0,0,0,0,0,1,0
1,0,0,0,35,11,5,1393,4,4,2,1,0,0,0,0,0,1,0,1,0,0,0,0,1,0,0,1,0,1
1,1,0,1,39,36,2,2299,4,4,1,1,0,0,0,1,1,1,0,0,0,0,0,0,1,0,0,0,1,1
1,0,0,0,23,6,9,1352,1,2,1,1,1,0,0,1,1,1,0,0,0,0,0,0,0,1,1,0,0,0
1,1,0,1,39,11,5,7228,1,4,2,1,0,0,0,0,0,1,0,1,0,0,0,0,1,0,0,0,0,0
1,0,0,0,28,12,2,2073,4,2,1,1,0,0,0,1,0,1,0,0,0,0,1,0,1,0,0,0,0,1
1,1,0,1,29,24,3,2333,4,2,1,1,0,1,0,0,0,0,0,0,1,0,0,0,1,0,0,1,0,0
1,1,0,1,30,27,9,5965,1,2,2,1,1,1,0,0,0,0,0,0,0,0,0,0,1,0,0,0,1,1
1,1,0,1,25,12,2,1262,3,2,1,1,0,0,0,0,0,1,0,0,0,0,0,0,1,0,0,0,0,1
1,1,0,1,31,18,9,3378,2,1,1,1,1,0,0,0,0,1,0,0,0,0,0,0,1,0,0,0,0,1
0,1,0,1,57,36,5,2225,4,4,2,1,1,1,0,0,0,0,0,0,1,0,0,0,0,0,0,0,1,1
1,1,0,1,26,6,5,783,1,2,1,2,0,0,0,0,0,1,1,0,0,0,0,1,1,0,0,0,0,0
0,1,0,1,52,12,2,6468,2,1,1,1,1,1,0,0,0,1,0,0,0,0,0,0,1,0,1,0,0,1
1,0,0,0,31,36,2,9566,2,2,2,1,0,0,0,0,0,1,0,1,0,0,0,0,1,0,0,0,0,1
1,0,0,0,23,18,5,1961,3,2,1,1,0,1,1,0,0,1,0,0,0,0,0,0,1,0,0,0,1,1
0,0,0,0,23,36,3,6229,4,4,2,1,1,0,0,0,0,1,0,1,0,0,1,0,0,1,0,1,0,0
1,1,0,0,27,9,0,1391,2,1,1,1,1,1,0,0,0,1,0,0,1,0,0,0,1,0,0,0,0,1
1,1,0,1,50,15,2,1537,4,4,2,1,1,1,0,0,0,1,0,1,0,0,0,1,1,0,0,0,1,1
0,1,0,1,61,36,0,1953,4,4,1,1,1,1,0,0,0,1,0,0,0,0,0,0,0,0,0,0,1,1
0,1,0,1,25,48,0,14421,2,2,1,1,1,1,0,0,0,1,0,0,0,0,0,0,1,0,0,0,0,1
1,0,0,0,26,24,2,3181,4,4,1,1,1,0,0,0,0,1,0,0,0,0,0,0,1,0,0,1,0,1
1,1,0,1,48,27,7,5190,4,4,4,2,1,0,0,0,0,1,0,0,0,0,0,0,1,0,0,0,1,1
1,0,0,0,29,12,2,2171,2,2,1,1,0,0,0,0,0,1,0,0,1,0,0,0,1,0,0,1,0,1
1,1,0,0,22,12,5,1007,4,1,1,1,0,1,0,1,1,1,0,0,0,0,0,0,1,0,0,0,0,1
0,1,0,1,37,36,1,1819,4,4,1,1,1,0,0,0,0,1,0,0,0,0,0,0,0,0,0,0,0,1
1,0,0,0,25,36,2,2394,4,4,1,1,0,0,0,0,0,1,0,0,0,0,0,0,1,0,0,0,0,1
1,0,0,0,30,36,9,8133,1,2,1,1,0,0,0,0,0,1,0,0,1,0,0,0,1,0,0,0,0,1
1,1,0,1,46,7,2,730,4,2,2,1,1,0,0,0,0,1,0,1,0,0,0,0,0,1,0,0,1,0
1,1,0,1,51,8,6,1164,3,4,2,2,1,0,0,0,0,1,0,1,1,0,0,0,0,0,0,0,1,1
1,0,0,0,41,42,0,5954,2,1,2,1,0,1,0,0,0,1,0,1,1,0,0,0,1,0,0,0,1,0
0,1,0,1,40,36,1,1977,4,4,1,1,1,0,0,0,0,1,0,0,0,0,0,0,1,0,0,0,1,1
1,1,0,1,66,12,9,1526,4,4,2,1,0,0,0,0,0,1,0,1,0,0,0,0,0,0,0,0,1,1
0,1,0,1,34,42,2,3965,4,3,1,1,0,0,0,0,0,1,0,0,0,0,0,0,1,0,0,1,0,1
1,1,0,1,51,11,2,4771,2,4,1,1,0,1,0,0,0,0,0,0,0,0,0,0,1,0,0,0,1,1
1,1,0,1,39,54,9,9436,2,2,1,2,0,0,0,0,0,1,0,0,0,0,0,0,1,0,0,0,0,0
1,1,0,0,22,30,3,3832,2,1,1,1,0,1,0,0,0,1,0,0,0,0,0,0,1,0,0,1,0,1
0,0,0,0,44,24,2,5943,1,1,2,1,1,0,0,0,0,1,0,0,0,0,0,0,1,0,0,1,0,1
1,1,0,1,47,15,2,1213,4,3,1,1,1,0,0,1,1,1,0,0,0,0,0,0,1,0,0,0,1,1
1,0,0,0,24,18,0,1568,3,4,1,1,0,0,0,1,0,1,0,0,0,0,0,0,0,1,0,0,0,0
1,0,0,0,58,24,6,1755,4,4,1,1,1,0,0,0,0,1,0,0,0,0,0,1,1,0,0,0,1,0
1,1,0,1,52,10,2,2315,3,4,1,1,0,0,0,0,0,1,0,0,0,0,0,0,1,0,0,0,1,0
1,0,0,0,29,12,0,1412,4,2,2,1,1,0,0,0,0,1,0,1,0,0,0,1,1,0,0,0,0,1
1,0,0,0,27,18,3,1295,4,1,2,1,0,1,0,0,0,1,0,1,0,0,0,0,1,0,0,1,0,1
0,1,0,1,47,36,1,12612,1,4,1,2,1,1,0,1,0,1,0,0,0,0,0,0,0,0,0,0,0,1
1,1,0,1,30,18,5,2249,4,3,1,2,1,0,0,1,0,1,0,0,0,0,0,0,1,0,0,0,1,1
0,1,0,1,28,12,7,1108,4,3,2,1,0,0,0,0,0,1,0,0,0,0,0,0,1,0,0,0,1,1
1,1,0,1,56,12,2,618,4,4,1,1,0,0,0,0,0,1,0,1,0,0,0,0,1,0,0,0,1,1
1,1,0,1,54,12,9,1409,4,3,1,1,0,0,0,0,0,1,0,1,0,0,0,0,1,0,0,0,1,1
0,0,0,0,33,12,2,797,4,3,1,2,0,0,0,0,0,1,0,1,1,0,0,0,1,0,0,0,1,0
1,1,0,1,20,24,3,3617,4,4,2,1,0,1,1,0,0,1,0,1,0,0,1,0,0,1,0,0,1,1
1,1,0,1,54,12,5,1318,4,4,1,1,1,1,0,1,1,1,0,0,0,0,0,0,1,0,0,0,1,1
0,1,0,1,58,54,0,15945,3,4,1,1,1,1,0,0,0,1,0,0,0,0,0,0,0,1,0,1,0,1
1,0,0,0,61,12,1,2012,4,2,1,1,0,0,0,0,0,1,0,1,0,0,0,0,1,0,0,0,1,1
1,1,0,1,34,18,0,2622,4,4,1,1,0,1,0,1,0,1,0,0,0,0,0,0,1,0,0,0,0,1
1,1,0,1,36,36,2,2337,4,4,1,1,0,1,0,0,0,1,0,1,0,0,0,0,1,0,0,0,1,1
1,1,0,1,36,20,9,7057,3,4,2,2,1,1,0,0,0,0,0,0,1,0,0,0,0,1,0,0,1,1
1,1,0,0,41,24,5,1469,4,4,1,1,0,0,0,1,0,1,0,0,0,0,0,0,0,1,0,0,1,0
1,1,0,1,24,36,2,2323,4,4,1,1,0,1,0,0,0,1,0,0,0,0,0,0,0,1,0,0,1,1
1,0,0,0,24,6,2,932,3,2,1,1,0,0,0,0,0,0,0,0,0,0,0,0,1,0,0,0,0,1
1,1,0,1,35,9,3,1919,4,3,1,1,1,1,0,0,0,1,0,1,0,0,0,0,0,1,0,0,1,1
1,1,0,0,26,12,9,2445,2,4,1,1,1,0,0,0,0,1,0,0,0,0,0,0,0,1,0,1,0,1
0,1,0,1,39,24,6,11938,2,3,2,2,1,1,0,0,0,1,0,1,0,0,1,0,1,0,0,0,0,1
0,1,0,1,39,18,5,6458,2,4,2,2,1,0,0,0,0,1,1,0,1,0,0,0,1,0,0,0,1,1
1,1,0,1,32,12,5,6078,2,2,1,1,0,1,0,0,0,1,0,0,0,0,0,0,1,0,0,0,1,1
1,0,1,0,30,24,3,7721,1,2,1,1,1,0,0,0,0,1,0,0,0,0,0,0,1,0,0,1,0,1
1,1,0,0,35,14,0,1410,1,2,1,1,1,1,0,1,1,1,0,0,0,0,0,0,1,0,0,0,1,1
1,1,0,0,31,6,0,1449,1,2,2,2,0,1,0,1,0,0,0,0,1,0,0,0,1,0,0,0,1,1
1,0,0,0,23,15,1,392,4,4,1,1,1,1,1,0,0,1,0,0,0,0,0,0,0,1,0,1,0,1
1,1,0,1,28,18,5,6260,3,3,1,1,0,1,0,0,0,1,0,0,0,0,0,0,0,1,0,0,1,0
0,0,0,0,25,36,5,7855,4,2,2,1,1,0,0,0,0,1,0,1,0,0,0,0,1,0,0,0,0,1
1,1,0,0,35,12,2,1680,3,1,1,1,0,0,0,1,1,1,0,0,0,0,0,0,1,0,0,0,1,1
1,1,0,1,47,48,2,3578,4,1,1,1,1,0,0,0,0,1,0,1,0,0,0,0,1,0,0,0,1,1
0,0,0,0,30,42,2,7174,4,3,1,1,1,0,0,0,0,1,0,0,0,0,0,0,1,0,0,0,1,1
1,0,1,0,27,10,3,2132,2,3,2,1,0,0,0,0,0,1,0,1,0,0,1,0,0,1,0,1,0,1
0,0,0,0,23,33,3,4281,1,4,2,1,0,0,0,1,1,1,0,1,0,0,0,0,1,0,0,0,0,1
1,1,0,0,36,12,5,2366,3,3,1,1,1,1,0,1,1,1,0,1,0,0,0,0,1,0,0,0,1,1
0,0,0,0,25,21,2,1835,3,2,2,1,1,0,0,0,0,1,0,0,0,0,0,0,1,0,0,0,0,1
1,0,0,0,41,24,9,3868,4,2,2,1,1,0,0,0,0,1,0,1,0,0,0,0,0,1,0,0,1,1
1,1,0,1,24,12,3,1768,3,2,1,1,0,0,0,0,0,1,0,0,0,0,0,0,0,1,0,0,0,0
1,1,0,1,63,10,5,781,4,4,2,1,1,1,1,0,0,1,0,1,0,0,0,0,0,0,0,0,1,1
0,0,0,0,27,18,3,1924,4,3,1,1,0,1,0,0,0,1,0,0,0,0,0,0,0,1,0,1,0,1
1,1,0,1,30,12,5,2121,4,2,2,1,0,0,0,0,0,1,0,1,0,0,0,0,1,0,0,0,0,1
1,1,0,0,40,12,2,701,4,2,1,1,0,0,0,0,0,1,0,0,0,0,0,0,1,0,0,0,0,0
0,1,0,1,30,12,7,639,4,2,1,1,0,1,0,0,0,1,0,0,0,0,0,0,1,0,0,0,0,1
1,1,0,1,34,12,9,1860,4,2,2,1,1,1,0,0,0,1,0,1,0,0,0,0,1,0,1,0,0,1
0,0,0,0,29,12,5,3499,3,2,2,1,0,0,0,0,0,1,0,1,0,0,1,0,1,0,0,0,0,1
1,0,0,0,24,48,5,8487,1,2,1,1,0,1,0,0,0,1,0,0,0,0,0,0,1,0,0,0,1,1
0,1,0,1,29,36,1,6887,4,3,1,1,1,0,0,0,0,0,0,0,0,0,0,0,1,0,0,0,0,1
1,1,0,1,27,15,3,2708,2,3,2,1,0,0,0,0,0,1,0,0,1,0,0,0,1,0,0,1,0,0
1,1,0,1,47,18,3,1984,4,4,2,1,0,0,0,0,0,1,0,0,1,0,0,0,0,0,0,0,0,1
1,0,0,0,21,60,2,10144,2,4,1,1,1,0,0,1,0,1,0,0,0,0,0,0,1,0,0,0,1,1
1,0,0,0,38,12,2,1240,4,2,2,1,1,0,0,0,0,1,0,1,0,0,0,0,1,0,0,0,1,1
1,1,0,1,27,27,9,8613,2,2,2,1,0,0,0,1,1,0,0,0,0,0,0,0,1,0,0,0,0,1
0,1,0,1,66,12,2,766,4,3,1,1,0,1,0,1,1,1,0,0,0,0,0,0,1,0,0,0,0,0
1,1,0,1,35,15,2,2728,4,2,3,1,1,1,0,0,0,1,0,1,1,0,0,1,1,0,0,0,1,1
1,0,0,0,44,12,2,1881,2,2,1,1,1,1,1,0,0,1,0,0,0,0,0,0,0,1,0,0,0,0
1,1,1,0,27,6,5,709,2,2,1,1,0,1,1,1,1,1,0,0,0,0,0,0,1,0,0,1,0,0
1,0,0,0,30,36,2,4795,4,1,1,1,1,1,0,0,0,1,0,0,0,0,0,0,1,0,0,1,0,1
1,1,0,1,27,27,2,3416,3,2,1,1,0,0,0,0,0,1,0,0,0,0,0,0,1,0,0,0,0,1
0,1,0,1,22,18,3,2462,2,2,1,1,0,0,0,0,0,1,0,0,0,0,0,0,1,0,0,0,0,1
1,0,0,0,23,21,3,2288,4,4,1,1,1,0,0,0,0,1,0,1,0,0,0,0,1,0,0,1,0,1
1,1,0,1,30,48,0,3566,4,2,1,1,0,1,0,1,0,1,1,0,0,0,0,0,1,0,0,0,1,1
1,0,0,0,39,6,5,860,1,4,2,1,1,0,0,0,0,1,0,1,0,0,0,0,1,0,0,0,1,1
1,0,0,0,51,12,5,682,4,3,2,1,1,0,0,1,0,1,0,1,0,0,0,0,1,0,0,0,1,1
1,1,0,1,28,36,3,5371,3,2,2,1,0,0,0,0,0,1,0,1,0,0,0,1,1,0,0,0,0,1
1,1,0,1,46,18,2,1582,4,4,2,1,0,0,0,1,1,1,0,1,0,0,0,0,1,0,0,0,1,1
1,1,0,1,42,6,2,1346,2,4,1,2,1,0,0,1,0,1,0,0,1,0,0,0,0,0,0,0,1,1
1,1,1,1,38,10,2,1924,1,4,1,1,1,0,0,0,0,1,0,0,0,0,0,0,1,0,0,0,0,1
1,1,0,1,24,36,2,5848,4,1,1,1,0,1,1,0,0,1,0,0,0,0,0,0,1,0,0,0,0,1
1,0,0,0,29,24,9,7758,2,4,1,1,0,1,0,1,1,1,0,1,0,0,0,0,0,1,0,0,1,1
1,1,0,1,36,24,0,6967,4,4,1,1,1,1,0,1,0,0,0,0,0,0,0,0,0,1,0,0,1,1
0,0,0,0,20,12,3,1282,2,4,1,1,0,0,0,0,0,1,0,0,0,0,0,0,0,1,0,0,0,1
1,1,1,1,48,9,7,1288,3,4,2,2,0,0,0,1,0,1,0,1,0,0,0,1,1,0,0,0,1,1
1,1,0,0,45,12,8,339,4,1,1,1,0,0,0,0,0,1,1,0,1,0,0,0,1,0,0,0,1,0
1,1,0,1,38,24,5,3512,2,3,2,1,1,1,0,1,0,1,0,0,1,0,0,0,1,0,0,0,1,1
1,1,0,1,34,6,2,1898,1,2,2,2,0,0,0,0,0,1,0,1,0,0,0,0,1,0,0,0,0,0
1,1,0,1,36,24,2,2872,3,4,1,2,1,0,0,1,0,1,0,1,0,0,0,0,1,0,0,0,1,1
1,0,0,0,30,18,5,1055,4,1,2,1,0,0,0,0,0,1,0,1,0,0,0,0,1,0,0,1,0,1
1,1,0,1,36,15,4,1262,4,3,2,1,1,0,0,1,1,1,0,0,0,0,0,0,1,0,0,0,1,1
1,1,0,1,70,10,5,7308,2,4,1,1,1,1,0,0,0,1,0,0,1,0,0,0,0,0,1,0,0,1
1,1,0,1,36,36,5,909,4,4,1,1,0,0,0,1,1,1,0,0,0,0,0,0,1,0,0,0,1,1
1,1,0,1,32,6,3,2978,1,2,1,1,1,0,0,1,1,1,0,0,0,0,0,0,1,0,0,0,0,1
0,0,0,0,33,18,3,1131,4,2,1,1,0,0,0,0,0,1,0,0,0,0,0,0,1,0,1,0,0,1
1,0,0,0,20,11,3,1577,4,1,1,1,0,1,0,1,1,1,0,0,0,0,0,0,1,0,0,1,0,1
1,0,0,0,25,24,3,3972,2,4,1,1,1,0,0,0,0,1,0,0,0,0,0,0,0,1,0,0,1,1
0,1,0,0,31,24,0,1935,4,4,2,1,1,1,0,0,0,1,0,1,0,0,0,0,1,0,0,0,1,1
0,1,0,1,33,15,5,950,4,3,2,2,0,0,0,0,0,1,0,0,0,0,0,0,0,1,0,0,1,1
1,0,0,0,26,12,3,763,4,1,1,1,1,0,0,0,0,1,0,0,0,0,0,0,1,0,0,0,0,1
0,0,0,0,34,24,3,2064,3,2,1,1,1,1,0,0,0,0,0,0,0,0,0,0,1,0,1,0,0,1
1,1,1,1,33,8,2,1414,4,2,1,1,0,1,0,0,0,1,0,0,0,0,0,1,1,0,0,0,0,1
0,1,0,1,26,21,1,3414,2,1,2,1,0,0,0,0,0,0,0,0,0,0,0,0,1,0,0,1,0,1
0,0,0,0,53,30,9,7485,4,1,1,1,1,0,0,0,0,1,1,0,1,0,0,0,1,0,1,0,0,1
1,1,0,0,42,12,3,2577,2,1,1,1,0,0,0,0,0,1,0,0,0,0,0,0,1,0,0,0,0,1
1,1,0,1,52,6,2,338,4,4,2,1,0,0,0,1,1,1,0,1,0,0,0,0,1,0,0,0,1,1
1,1,0,1,31,12,2,1963,4,2,2,2,1,0,0,0,0,1,0,0,0,0,0,0,0,1,0,0,1,1
1,1,0,1,65,21,5,571,4,4,2,1,0,0,0,0,0,1,0,1,0,0,0,0,1,0,0,0,1,1
0,1,0,0,28,36,0,9572,1,1,2,1,0,0,0,0,0,0,0,0,0,0,0,0,1,0,0,1,0,1
0,1,0,0,30,36,0,4455,2,2,2,1,1,1,0,0,0,0,0,0,0,0,0,0,1,0,0,0,0,1
0,1,0,1,40,21,5,1647,4,2,2,2,0,0,0,0,0,1,1,0,0,0,0,0,1,0,0,0,0,0
1,1,0,1,50,24,3,3777,4,4,1,1,1,0,0,1,1,1,0,1,0,0,0,0,1,0,0,0,0,1
0,1,0,1,36,18,5,884,4,4,1,2,1,1,0,0,0,1,0,1,1,0,0,0,1,0,0,0,1,1
1,1,0,1,31,15,2,1360,4,2,2,1,0,0,0,0,0,1,0,1,0,0,0,0,1,0,0,0,0,1
0,0,0,0,74,9,9,5129,2,4,1,2,1,1,0,0,0,1,1,0,1,0,0,0,0,0,0,0,1,1
1,1,0,1,68,16,5,1175,2,3,3,1,1,1,0,0,0,1,0,1,0,0,0,0,0,0,1,0,0,0
0,1,0,0,20,12,2,674,4,1,1,1,0,0,0,1,0,1,0,0,0,0,0,0,1,0,0,0,1,1
1,0,0,0,33,18,3,3244,1,4,2,1,1,1,0,0,0,1,0,0,1,0,0,0,1,0,0,0,0,1
0,1,0,1,54,24,0,4591,2,3,3,1,1,0,0,1,1,1,0,0,0,0,0,0,1,0,0,0,0,1
0,1,0,1,34,48,0,3844,4,4,1,2,0,1,0,1,0,1,0,0,0,0,0,0,0,0,0,0,1,0
0,1,0,1,36,27,0,3915,4,2,1,2,1,1,0,0,0,1,0,0,0,0,0,0,1,0,0,0,0,1
1,1,0,0,29,6,2,2108,2,2,1,1,0,0,0,0,0,1,0,0,0,0,0,0,0,1,0,0,1,1
0,1,0,1,21,45,2,3031,4,4,1,1,0,1,0,1,0,1,0,0,0,0,0,1,0,1,0,0,0,1
0,0,0,0,34,9,1,1501,2,3,2,1,1,1,0,0,0,1,0,1,0,0,0,0,1,0,0,0,1,1
1,0,0,0,28,6,2,1382,1,1,2,1,1,0,0,0,0,1,0,1,0,0,0,0,1,0,0,0,0,1
0,0,0,0,27,12,3,951,4,4,4,1,0,1,0,1,0,1,0,0,1,0,0,0,0,1,0,1,0,1
1,1,0,1,36,24,9,2760,4,4,1,1,1,1,0,0,0,1,0,0,1,0,0,0,0,0,0,0,1,1
0,1,0,0,40,18,3,4297,4,3,1,1,1,1,0,0,0,0,0,0,0,0,0,0,1,0,0,0,1,1
1,1,0,1,52,9,1,936,4,2,2,1,1,0,0,1,1,1,0,1,0,0,0,0,1,0,0,0,1,1
1,1,0,0,27,12,5,1168,4,3,1,1,0,0,0,0,0,1,0,0,0,0,0,0,1,0,0,0,0,0
1,1,0,1,26,27,0,5117,3,4,2,1,0,0,0,0,0,0,0,0,0,0,0,0,1,0,0,0,1,1
0,1,0,0,21,12,8,902,4,4,1,1,0,0,0,0,0,1,0,0,0,0,0,0,0,1,0,0,1,1
1,1,0,1,38,12,5,1495,4,1,2,2,0,0,0,0,0,1,0,1,0,0,0,0,1,0,0,0,1,0
1,1,0,1,38,30,9,10623,3,4,3,2,1,0,0,0,0,1,0,1,0,0,0,0,0,0,0,0,1,1
1,1,0,1,43,12,3,1935,4,4,3,1,1,0,0,0,0,1,0,1,0,0,0,0,1,0,0,0,1,1
1,1,0,1,26,12,4,1424,4,3,1,1,0,1,0,0,0,1,0,1,0,0,0,0,1,0,0,0,1,1
1,1,0,0,21,24,0,6568,2,2,1,1,0,0,0,0,0,1,0,0,0,0,0,0,1,0,0,0,0,0
1,1,1,1,55,12,9,1413,3,2,1,1,0,0,0,1,1,1,0,0,0,0,0,0,1,0,0,0,1,1
1,1,0,1,33,9,2,3074,1,2,2,2,0,0,0,0,0,1,0,1,0,0,0,0,1,0,0,0,0,1
1,0,0,0,45,36,2,3835,2,4,1,1,1,0,0,0,0,1,0,0,0,0,0,0,1,0,0,0,1,0
0,1,0,1,50,27,0,5293,2,4,2,1,1,0,0,0,0,1,0,0,0,0,0,0,1,0,1,0,0,1
0,1,0,1,66,30,0,1908,4,4,1,1,1,1,1,0,0,0,0,0,0,0,0,0,1,0,0,0,1,1
1,1,0,1,51,36,2,3342,4,2,1,1,1,0,0,0,0,1,0,1,0,0,0,0,1,0,0,0,1,1
1,0,0,0,39,6,8,932,1,3,2,1,0,1,0,0,0,1,0,1,0,0,0,0,1,0,0,0,1,0
1,1,0,1,31,18,0,3104,3,1,1,1,1,0,0,0,0,1,0,0,1,0,0,0,1,0,0,0,1,1
1,1,0,1,23,36,2,3913,2,2,1,1,1,1,1,0,0,1,0,0,0,0,0,0,1,0,0,0,0,1
1,1,0,0,24,24,3,3021,2,2,1,1,0,0,0,0,0,1,0,0,0,0,0,0,0,1,0,0,0,0
1,0,0,0,64,10,5,1364,2,4,1,1,1,0,0,0,0,1,0,0,0,0,0,0,1,0,0,0,0,1
1,1,0,0,26,12,2,625,4,1,1,1,0,1,0,0,0,1,0,0,1,0,0,1,1,0,0,1,0,0
1,0,0,0,23,12,1,1200,4,4,1,1,1,0,0,0,0,1,0,0,1,0,0,0,0,1,0,0,0,1
1,1,0,1,30,12,2,707,4,2,2,1,0,0,0,0,0,1,0,0,1,0,0,0,1,0,0,0,0,1
1,1,0,1,32,24,0,2978,4,4,2,2,1,0,0,0,0,0,0,0,0,0,0,0,1,0,0,0,0,1
1,1,0,1,30,15,9,4657,3,2,1,1,1,0,0,0,0,1,0,0,0,0,0,0,1,0,0,0,0,1
1,1,0,1,27,36,7,2613,4,2,2,1,0,0,0,0,0,1,0,0,0,0,0,0,1,0,0,0,0,1
0,1,0,1,27,48,2,10961,1,2,2,1,1,1,0,1,1,1,0,0,1,0,1,0,1,0,0,0,1,1
0,1,0,1,53,12,3,7865,4,4,1,1,1,0,0,0,0,1,0,0,0,0,0,0,0,0,0,0,1,1
0,1,0,1,22,9,2,1478,4,2,1,1,0,0,0,0,0,1,0,0,0,0,0,0,1,0,0,0,1,1
1,1,0,1,22,24,3,3149,4,1,1,1,0,0,0,0,0,1,0,0,1,0,0,0,0,0,0,1,0,1
0,1,0,1,26,36,2,4210,4,2,1,1,0,1,1,0,0,1,0,0,0,0,0,0,1,0,0,0,0,1
1,1,0,1,51,9,5,2507,2,4,1,1,0,0,0,1,1,1,0,0,0,0,0,0,0,0,0,0,1,0
1,1,0,1,35,12,2,2141,3,1,1,1,0,0,0,1,0,1,0,0,0,0,0,0,1,0,0,0,1,1
1,1,0,0,25,18,2,866,4,2,1,1,0,1,0,0,0,1,0,0,0,0,0,1,1,0,0,0,0,0
1,1,0,1,42,4,2,1544,2,1,3,2,0,0,0,0,0,1,0,1,0,0,0,0,1,0,0,0,1,0
0,1,0,1,30,24,2,1823,4,2,1,2,0,0,0,0,0,1,0,0,0,0,0,0,1,0,1,0,0,1
0,1,0,1,23,6,5,14555,1,2,1,1,1,1,0,0,0,1,0,0,0,0,0,0,1,0,1,0,0,0
0,1,0,0,61,21,0,2767,4,2,2,1,0,1,0,1,0,1,0,0,1,0,0,0,0,1,0,0,1,0
1,0,0,0,35,12,2,1291,4,2,2,1,0,0,0,0,0,1,0,1,0,0,0,0,1,0,0,0,0,1
1,1,0,1,39,30,2,2522,1,3,1,2,0,0,0,0,0,1,0,0,0,0,0,1,1,0,0,0,1,1
0,0,0,0,29,24,5,915,4,2,1,1,0,0,0,0,0,1,0,0,1,0,0,0,1,0,0,0,1,1
1,1,0,1,51,6,2,1595,3,2,1,2,0,0,0,0,0,1,0,0,0,0,0,0,1,0,0,0,1,1
0,1,0,1,24,48,9,4605,3,4,2,2,0,0,0,0,0,1,0,0,0,0,0,0,0,0,0,0,1,1
1,0,0,0,27,12,0,1185,3,2,2,1,0,0,0,0,0,1,0,1,0,0,0,0,1,0,0,0,0,1
1,0,0,0,35,12,8,3447,4,3,1,2,0,0,0,1,1,1,1,0,0,0,0,0,1,0,0,0,0,0
1,1,0,1,25,24,0,1258,4,1,1,1,1,0,0,0,0,1,0,0,0,0,0,0,1,0,0,0,1,1
1,1,0,1,52,12,2,717,4,4,3,1,0,0,0,0,0,1,0,1,0,0,0,0,1,0,0,0,1,1
1,1,1,1,35,6,5,1204,4,1,1,1,0,0,0,1,0,1,0,0,1,0,0,0,0,1,0,0,0,1
1,1,0,1,26,24,3,1925,2,2,1,1,0,1,1,0,0,1,0,0,0,0,0,0,1,0,0,0,0,1
0,0,0,0,22,18,2,433,3,4,1,1,0,0,0,0,0,1,0,0,0,0,1,0,0,1,1,0,0,1
1,0,0,0,39,6,5,666,3,4,2,1,1,0,0,1,1,1,0,1,0,0,0,0,1,0,0,0,1,0
1,0,0,0,46,12,3,2251,1,2,1,1,0,1,1,0,0,1,0,0,0,0,0,0,1,0,0,0,0,0
0,0,0,0,24,30,5,2150,4,2,1,1,0,1,0,0,0,1,0,0,1,0,0,1,1,0,0,0,0,1
1,1,0,1,35,24,3,4151,2,3,2,1,0,0,0,1,0,0,0,0,0,0,0,0,1,0,0,0,0,1
1,1,0,1,24,9,3,2030,2,1,1,1,1,1,0,0,0,1,0,0,0,0,0,0,1,0,0,0,1,1
1,1,0,1,27,60,2,7418,1,1,1,1,0,1,0,0,0,0,0,0,0,0,0,0,1,0,0,0,0,0
1,1,0,1,35,24,2,2684,4,2,2,1,0,0,0,0,0,1,0,1,0,0,0,0,1,0,0,0,0,0
0,1,0,0,29,12,2,2149,4,1,1,1,0,0,0,0,0,1,1,0,0,0,0,0,0,0,0,0,0,1
1,0,0,0,23,15,9,3812,1,4,1,1,1,0,0,1,0,1,0,0,0,0,0,0,1,0,0,1,0,1
1,0,0,0,57,11,2,1154,4,4,3,1,0,0,0,1,0,1,0,1,0,0,0,0,1,0,1,0,0,0
1,1,0,1,27,12,3,1657,2,2,1,1,0,0,0,0,0,1,0,0,0,0,0,0,1,0,0,0,0,1
1,0,0,0,55,24,2,1603,4,4,1,1,0,0,0,0,0,1,0,0,0,0,0,0,1,0,0,0,1,1
1,1,0,1,36,18,5,5302,2,4,3,1,1,0,0,0,0,1,0,1,0,0,0,0,0,0,0,0,1,1
1,0,0,0,57,12,1,2748,2,4,3,1,0,0,0,0,0,1,0,1,1,0,0,0,0,0,0,0,1,0
1,1,1,1,32,10,5,1231,3,4,2,2,0,0,0,0,0,1,0,1,0,0,0,0,1,0,0,0,1,0
0,1,0,1,37,15,2,802,4,3,1,2,0,1,0,0,0,1,0,0,0,0,0,0,1,0,0,0,1,1
1,1,0,1,36,36,0,6304,4,4,2,1,0,0,0,0,0,1,0,1,0,0,0,0,1,0,0,0,1,1
1,0,0,0,38,24,2,1533,4,3,1,1,1,0,0,0,0,1,0,0,0,0,0,0,1,0,0,1,0,1
0,1,1,0,45,14,5,8978,1,4,1,1,1,0,0,0,0,1,0,0,0,0,0,0,1,0,0,0,1,1
1,1,0,1,25,24,2,999,4,2,2,1,0,0,0,0,0,1,0,0,0,0,0,0,1,0,0,0,1,1
1,1,1,1,32,18,5,2662,4,3,1,1,0,0,0,0,0,1,0,0,0,0,0,0,1,0,0,0,1,1
1,0,0,0,37,12,3,1402,3,4,1,1,1,0,0,1,1,1,0,1,0,0,0,0,0,1,0,0,1,1
1,1,0,1,36,48,5,12169,4,4,1,1,1,1,0,0,0,1,1,0,0,0,1,0,0,0,1,0,0,1
0,1,0,1,28,48,2,3060,4,4,2,1,0,1,0,0,0,1,0,0,0,0,0,0,1,0,0,0,1,1
0,1,0,0,34,30,7,11998,1,1,1,1,1,0,0,0,0,1,0,0,0,0,0,0,1,0,0,1,0,0
1,1,0,1,32,9,2,2697,1,2,1,2,0,0,0,0,0,1,0,0,0,0,0,0,1,0,0,0,0,1
1,0,0,0,26,18,2,2404,2,2,2,1,0,0,0,0,0,1,0,1,0,0,0,0,1,0,0,0,0,1
1,1,0,0,49,12,3,1262,2,4,1,1,1,0,0,0,0,1,0,0,0,0,0,0,1,0,0,0,1,0
0,0,0,0,32,6,3,4611,1,4,1,1,0,0,0,0,0,1,0,0,0,0,0,0,1,0,0,1,0,1
1,1,0,1,29,24,2,1901,4,4,1,1,1,0,0,1,0,1,0,0,0,0,0,0,0,1,0,0,0,1
1,1,0,1,23,15,9,3368,3,4,2,1,1,0,0,1,1,1,0,1,0,0,0,0,0,1,0,0,1,1
1,1,0,1,50,12,3,1574,4,2,1,1,0,0,0,0,0,1,0,0,0,0,0,0,1,0,0,0,0,1
1,1,0,1,49,18,2,1445,4,4,1,1,0,1,1,0,0,1,1,0,1,0,0,0,1,0,0,0,1,0
1,1,0,1,63,15,3,1520,4,4,1,1,0,0,0,0,0,1,0,1,0,0,0,0,1,0,0,0,1,1
1,1,0,0,37,24,5,3878,4,2,1,1,1,1,0,1,0,1,0,1,0,0,0,0,1,0,0,1,0,1
1,0,0,0,35,47,5,10722,1,1,1,1,1,0,0,0,0,1,0,0,0,0,0,0,1,0,0,1,0,0
1,1,0,1,26,48,9,4788,4,3,1,2,0,0,0,0,0,1,0,0,0,0,0,0,1,0,0,0,1,1
1,1,0,1,31,48,6,7582,2,4,1,1,1,1,0,1,0,0,0,0,0,0,0,0,0,0,1,0,0,1
1,0,0,0,49,12,2,1092,4,4,2,1,1,1,0,0,0,1,0,0,0,0,0,1,1,0,0,0,0,1
0,1,0,0,48,24,2,1024,4,4,1,1,0,0,0,0,0,0,0,0,0,0,0,0,1,0,0,1,0,1
1,1,1,0,26,12,0,1076,2,2,1,1,1,0,0,0,0,1,0,0,0,0,0,0,1,0,0,0,0,1
0,1,0,0,28,36,9,9398,1,4,1,1,1,1,0,0,0,1,0,0,0,0,0,0,0,1,0,1,0,1
1,0,0,0,44,24,9,6419,2,4,2,2,1,0,0,0,0,1,0,1,0,0,0,0,0,0,0,0,1,1
1,1,0,1,56,42,9,4796,4,4,1,1,0,1,1,0,0,1,0,1,0,0,0,0,0,0,0,0,1,1
1,1,0,0,46,48,0,7629,4,2,2,2,0,0,0,0,0,1,0,1,1,0,0,0,1,0,0,0,1,1
0,0,0,0,26,48,3,9960,1,2,1,1,1,1,0,0,0,1,0,0,0,0,0,0,1,0,0,1,0,1
1,0,0,0,20,12,9,4675,1,4,1,1,0,0,0,0,0,1,0,0,0,0,0,0,0,1,0,1,0,1
1,1,1,1,45,10,5,1287,4,2,1,1,0,0,0,0,0,1,0,0,0,0,1,0,1,0,0,0,1,0
1,1,0,1,43,18,3,2515,3,4,1,1,1,0,0,0,0,1,0,0,0,0,0,0,1,0,0,0,0,1
1,1,0,1,32,21,3,2745,3,2,2,1,1,1,0,1,1,1,0,1,0,0,0,0,1,0,0,0,1,1
1,0,0,0,54,6,5,672,1,4,1,1,1,0,0,0,0,1,0,0,0,0,0,0,1,0,1,0,0,0
0,0,0,0,42,36,2,3804,4,1,1,1,1,1,0,0,0,1,0,0,0,0,0,0,1,0,0,0,0,1
0,1,0,1,37,24,5,1344,4,2,2,2,0,1,1,0,0,1,0,1,1,0,0,0,1,0,0,0,1,0
1,1,0,1,49,10,5,1038,4,3,2,1,1,0,0,0,0,1,0,1,0,0,1,0,1,0,0,0,1,1
0,1,0,1,44,48,5,10127,2,2,1,1,0,0,0,1,1,1,0,1,1,0,0,0,0,0,0,0,0,1
1,1,0,0,33,6,3,1543,4,2,1,1,0,0,0,1,1,1,0,0,0,0,0,0,1,0,0,0,0,1
1,0,0,0,24,30,9,4811,2,4,1,1,0,0,0,0,0,1,0,0,0,0,0,0,0,1,0,0,1,0
0,1,0,0,33,12,2,727,4,3,1,1,1,0,0,1,0,1,0,0,0,0,0,0,1,0,0,1,0,0
0,0,0,0,24,8,3,1237,3,4,1,1,0,1,0,0,0,1,0,0,0,0,0,0,1,0,0,0,0,1
1,1,0,0,22,9,5,276,4,4,1,1,0,1,0,0,0,1,0,0,0,0,0,0,0,1,0,0,0,0
1,1,0,1,40,48,6,5381,3,4,1,1,1,1,0,0,0,1,0,0,1,0,0,0,0,0,1,0,0,0
1,1,0,1,25,24,3,5511,4,1,1,1,0,0,0,1,0,1,0,0,0,0,0,0,1,0,0,0,0,1
1,0,0,0,26,24,3,3749,2,4,1,1,0,1,1,0,0,1,0,0,0,0,0,0,1,0,0,1,0,1
0,1,0,0,25,12,5,685,2,3,1,1,0,1,0,0,0,1,0,0,1,0,0,0,1,0,0,0,1,0
1,1,1,1,29,4,5,1494,1,2,1,2,0,1,1,0,0,1,0,0,0,0,0,0,1,0,0,1,0,0
0,1,0,1,31,36,3,2746,4,4,1,1,0,0,0,0,0,1,1,0,1,0,0,0,1,0,0,0,1,1
1,1,0,1,38,12,3,708,2,3,1,2,0,0,0,0,0,1,0,0,0,0,0,1,1,0,0,0,0,0
1,0,0,0,48,24,3,4351,1,4,1,1,1,1,0,0,0,1,0,0,0,0,0,0,1,0,0,0,0,0
1,1,0,1,32,12,1,701,4,2,2,1,0,0,0,0,0,1,0,1,0,0,0,0,1,0,0,0,0,1
1,0,0,0,27,15,3,3643,1,4,2,1,0,0,0,0,0,0,0,0,0,0,0,0,1,0,0,0,1,0
0,1,0,0,28,30,5,4249,4,2,2,1,0,1,0,0,0,1,0,1,0,0,0,0,1,0,1,0,0,1
0,1,0,0,32,24,2,1938,4,3,1,1,0,0,0,0,0,1,0,0,0,0,0,0,1,0,0,1,0,1
1,1,0,1,34,24,9,2910,2,1,1,1,1,0,0,0,0,1,0,0,0,0,0,0,0,0,0,0,1,1
1,1,0,1,28,18,3,2659,4,2,1,1,0,0,0,1,1,1,0,0,0,0,0,0,1,0,0,0,0,1
1,0,0,0,36,18,5,1028,4,3,2,1,0,0,0,0,0,1,0,1,0,0,0,0,1,0,0,0,0,1
1,1,1,1,39,8,5,3398,1,4,2,1,0,0,0,0,0,1,0,1,0,0,0,0,1,0,0,0,1,0
1,1,0,1,49,12,3,5801,2,4,1,1,1,0,0,0,0,1,0,1,0,0,0,0,0,1,0,0,1,1
1,0,0,0,34,24,5,1525,4,3,1,2,1,0,0,1,1,1,0,0,0,0,0,0,1,0,0,0,1,1
1,1,0,1,31,36,2,4473,4,2,1,1,0,1,1,0,0,1,0,0,0,0,0,0,1,0,0,0,1,1
1,1,0,1,28,6,2,1068,4,4,1,2,0,1,0,0,0,1,0,0,0,0,0,0,1,0,0,0,1,1
1,1,0,1,75,24,9,6615,2,4,2,1,1,0,0,0,0,1,0,1,0,0,0,0,0,0,1,0,0,1
0,0,0,0,30,18,1,1864,4,2,2,1,0,0,0,1,0,1,0,1,0,0,0,0,1,0,0,0,0,1
0,0,0,0,24,60,5,7408,4,2,1,1,0,1,0,1,0,1,0,0,0,0,0,0,1,0,0,1,0,1
0,0,0,0,24,48,9,11590,2,4,2,1,0,0,0,1,0,1,0,1,1,0,0,0,0,1,0,0,0,0
0,1,0,1,23,24,3,4110,3,4,2,2,0,0,0,0,0,1,0,0,1,0,0,0,0,1,0,0,1,1
0,1,0,0,44,6,3,3384,1,4,1,1,1,0,0,0,0,1,0,1,0,0,0,0,0,1,0,0,0,1
1,0,0,0,23,13,2,2101,2,4,1,1,0,1,0,0,0,1,0,0,0,0,0,1,1,0,0,1,0,0
0,0,0,0,24,15,4,1275,4,2,1,1,0,0,0,0,0,1,0,0,0,0,0,0,0,1,0,0,0,1
1,1,0,1,28,24,3,4169,4,4,1,1,0,0,0,0,0,1,0,0,0,0,0,0,1,0,0,0,0,1
1,1,0,0,31,10,3,1521,4,2,1,1,0,1,0,0,0,1,0,0,0,0,0,0,1,0,0,0,0,0
1,0,0,0,24,24,1,5743,2,4,2,1,1,1,0,0,0,1,0,1,0,0,0,0,0,0,0,1,0,1
1,0,0,0,26,21,3,3599,1,4,1,1,0,0,0,0,0,1,0,0,0,0,0,0,0,1,0,0,1,0
1,1,0,0,25,18,2,3213,1,3,1,1,0,1,0,1,1,1,0,0,0,0,0,0,0,1,0,1,0,1
1,1,0,1,33,18,0,4439,1,1,1,1,1,1,0,0,0,1,0,0,1,0,1,0,1,0,0,0,1,1
1,1,0,1,37,10,5,3949,1,1,1,2,0,1,1,0,0,1,0,0,0,0,0,1,1,0,0,1,0,0
1,0,0,0,43,15,2,1459,4,2,1,1,0,0,0,0,0,1,0,1,0,0,0,0,1,0,0,0,0,0
1,1,0,1,23,13,2,882,4,4,2,1,0,1,0,0,0,1,0,1,0,0,0,1,1,0,0,1,0,1
1,0,0,0,23,24,2,3758,1,4,1,1,0,1,0,1,1,1,0,0,0,0,0,0,0,1,1,0,0,0
1,1,0,1,34,6,0,1743,1,2,2,1,0,0,0,1,0,0,0,0,0,0,0,0,1,0,0,0,0,0
0,1,0,1,32,9,1,1136,4,3,2,2,0,1,0,1,1,1,0,1,0,0,0,0,0,0,0,0,1,1
1,0,0,0,23,9,4,1236,1,4,1,1,1,0,0,0,0,1,0,0,0,0,0,0,0,1,0,1,0,1
0,0,1,0,29,9,3,959,1,2,1,1,0,1,0,0,0,1,0,0,0,0,0,0,1,0,0,0,0,1
1,1,0,1,38,18,9,3229,2,4,1,1,1,0,0,0,0,1,0,1,0,0,0,0,1,0,1,0,0,1
0,1,0,1,28,12,2,6199,4,2,2,1,1,0,0,0,0,1,0,0,0,0,0,0,0,1,0,0,0,1
1,1,0,1,46,10,1,727,4,4,1,1,1,0,0,1,1,1,0,0,0,0,0,0,0,0,0,0,1,1
0,1,0,1,23,24,5,1246,4,2,1,1,0,1,0,0,0,1,0,0,0,0,0,0,1,0,0,1,0,0
1,1,0,1,49,12,2,2331,1,4,1,1,1,0,0,0,0,1,0,1,0,0,1,0,1,0,0,0,1,1
0,1,0,1,26,36,2,4463,4,2,2,1,1,0,0,0,0,0,0,0,0,0,0,0,1,0,0,0,0,1
1,1,0,0,28,12,2,776,4,2,1,1,0,0,0,0,0,1,0,0,0,0,0,0,1,0,0,0,0,1
0,0,0,0,23,30,3,2406,4,4,1,1,0,0,0,0,0,1,0,0,0,0,0,0,0,1,0,0,1,1
1,1,0,1,61,18,1,1239,4,4,1,1,0,1,0,0,0,1,0,0,0,0,0,0,0,0,0,0,0,1
1,1,0,1,37,12,2,3399,2,3,1,1,0,1,1,0,0,1,0,0,0,0,0,0,1,0,0,0,1,1
1,0,0,0,36,12,5,2247,2,2,2,1,1,1,1,0,0,0,0,0,0,0,0,0,1,0,0,0,0,1
1,1,0,0,21,6,3,1766,1,2,1,1,0,0,0,0,0,1,0,0,0,0,0,0,0,1,0,0,0,1
0,1,0,1,25,18,3,2473,4,1,1,1,0,0,0,0,0,1,0,0,0,0,0,0,1,0,1,0,0,0
1,1,0,1,36,12,0,1542,2,4,1,1,1,0,0,0,0,1,0,0,0,0,0,0,1,0,0,0,1,1
1,1,0,1,27,18,9,3850,3,1,2,1,0,0,0,0,0,1,0,1,0,0,0,0,1,0,0,0,1,1
1,0,0,0,22,18,3,3650,1,4,1,1,0,0,0,0,0,1,0,0,0,0,0,0,0,1,0,1,0,1
0,1,0,1,42,36,3,3446,4,2,1,2,0,0,0,0,0,1,0,0,0,0,0,0,1,0,0,0,1,1
1,0,0,0,40,18,3,3001,2,4,1,1,0,1,0,0,0,1,0,0,0,0,0,0,0,1,0,0,1,1
1,1,0,1,36,36,5,3079,4,4,1,1,0,0,0,0,0,1,0,0,0,0,0,0,1,0,0,0,0,1
1,1,0,1,33,18,2,6070,3,4,2,1,1,0,0,0,0,1,0,1,0,0,0,0,1,0,0,0,1,1
1,0,0,0,23,10,3,2146,1,3,2,1,0,0,0,0,0,1,0,1,0,0,0,0,0,1,0,1,0,1
1,1,0,1,63,60,5,13756,2,4,1,1,1,0,0,0,0,1,0,1,1,0,0,0,0,0,0,0,1,1
0,0,0,0,60,60,6,14782,3,4,2,1,1,1,0,1,0,1,1,0,1,0,0,0,0,0,0,0,1,1
0,0,0,0,37,48,0,7685,2,4,1,1,0,0,0,0,0,1,1,0,0,0,0,1,0,1,0,0,1,1
1,1,0,0,34,18,2,2320,2,3,2,1,0,0,0,0,0,0,0,0,0,0,0,0,1,0,1,0,0,1
1,1,0,1,36,7,2,846,3,4,1,1,0,0,0,0,0,0,0,0,0,0,0,0,0,0,0,0,1,1
0,1,0,1,57,36,5,14318,4,2,1,1,1,1,0,0,0,1,0,0,0,0,0,0,0,0,0,0,1,1
1,0,0,0,52,6,5,362,4,4,2,1,0,0,0,1,0,1,0,1,0,0,0,0,1,0,0,0,0,0
1,1,0,1,39,20,3,2212,4,4,1,1,1,0,0,0,0,1,0,0,0,0,0,0,1,0,0,0,1,1
0,0,0,0,38,18,9,12976,3,4,1,1,1,1,0,0,0,1,0,0,0,0,0,0,0,0,1,0,0,1
1,0,0,0,25,22,5,1283,4,4,1,1,0,0,0,0,0,1,0,0,0,0,0,0,0,1,0,0,1,1
1,1,0,1,26,12,5,1330,4,1,1,1,0,1,1,0,0,1,0,0,0,0,0,0,1,0,0,1,0,1
1,1,0,1,26,30,0,4272,2,2,2,1,0,0,0,1,0,0,0,0,0,0,0,0,1,0,0,0,0,0
1,0,0,0,25,18,2,2238,2,1,2,1,0,0,0,0,0,1,0,1,0,0,0,0,1,0,0,0,0,1
1,0,0,0,21,18,2,1126,4,2,1,1,1,0,0,0,0,1,0,0,0,0,0,0,0,1,0,1,0,1
1,1,0,1,40,18,3,7374,4,4,2,1,1,1,0,0,0,1,0,1,0,0,0,0,1,0,1,0,0,1
1,1,0,1,27,15,0,2326,2,4,1,1,0,1,0,1,1,1,0,1,1,0,0,0,1,0,0,0,0,1
1,0,0,0,27,9,0,1449,3,2,2,1,0,0,0,0,0,1,0,0,0,0,0,0,1,0,0,0,1,1
1,1,0,0,30,18,5,1820,2,2,1,1,1,0,0,0,0,1,0,0,0,0,0,0,1,0,0,0,0,1
1,0,0,0,19,12,3,983,1,4,1,1,0,1,0,1,1,1,0,0,0,0,0,0,0,1,0,1,0,0
1,1,0,1,39,36,5,3249,2,4,1,2,1,0,0,0,0,1,0,0,1,0,0,0,0,0,0,0,1,1
1,0,0,0,31,6,2,1957,1,4,1,1,0,0,0,0,0,1,0,1,0,0,0,0,1,0,0,0,1,1
1,1,0,1,31,9,3,2406,2,3,1,1,0,0,0,0,0,1,0,1,0,0,0,0,1,0,1,0,0,1
1,1,0,1,32,39,1,11760,2,3,1,1,1,1,0,1,0,0,0,0,0,0,0,0,0,1,0,0,1,1
1,0,0,0,55,12,3,2578,3,4,1,1,0,0,0,0,0,1,0,0,0,0,0,0,0,0,1,0,0,1
1,1,0,0,46,36,3,2348,3,2,2,1,1,0,0,0,0,1,0,1,0,0,0,0,1,0,0,0,0,1
0,1,0,0,46,12,5,1223,1,1,2,1,0,1,0,0,0,1,0,0,0,0,0,0,0,1,0,0,1,1
1,0,0,0,43,24,2,1516,4,1,2,1,0,0,0,1,1,1,0,1,0,0,0,0,1,0,0,0,0,0
1,1,0,0,39,18,2,1473,3,4,1,1,1,0,0,0,0,1,0,0,0,0,0,0,1,0,0,1,0,1
1,1,0,0,28,18,0,1887,4,4,2,1,0,1,0,0,0,1,0,1,1,0,0,0,1,0,0,0,0,1
0,1,0,1,27,24,0,8648,2,2,2,1,1,0,0,0,0,0,0,0,1,0,0,0,1,0,0,1,0,1
1,1,0,1,27,14,5,802,4,2,2,1,0,0,0,0,0,0,0,0,0,0,0,0,1,0,0,0,0,0
1,1,0,1,43,18,5,2899,4,4,1,2,0,1,0,0,0,0,0,0,0,0,0,0,1,0,0,0,1,1
0,1,0,0,22,24,2,2039,1,1,1,1,1,1,0,0,0,1,0,0,0,0,0,0,1,0,0,1,0,1
1,1,0,1,43,24,9,2197,4,4,2,2,1,0,0,0,0,1,0,1,0,0,0,0,1,0,0,0,1,1
1,1,1,0,27,15,2,1053,4,2,1,1,0,0,0,0,0,1,0,0,0,0,0,0,1,0,0,1,0,1
1,1,0,0,26,24,2,3235,3,2,1,1,1,0,0,1,1,1,0,0,0,0,0,0,1,0,0,0,1,1
0,1,0,0,28,12,5,939,4,2,3,1,1,1,1,1,1,1,0,1,0,0,0,0,1,0,0,0,1,1
1,0,0,0,20,24,2,1967,4,4,1,1,1,1,0,0,0,1,0,0,0,0,0,0,1,0,0,0,1,1
1,1,0,1,35,33,9,7253,3,2,2,1,1,0,0,0,0,1,0,1,0,0,0,0,1,0,0,0,1,1
0,1,0,1,42,12,0,2292,4,2,2,1,1,0,0,0,0,1,0,1,0,0,0,0,1,0,1,0,0,1
1,1,1,1,40,10,5,1597,3,2,1,2,0,0,0,1,1,1,0,0,0,0,0,0,0,1,0,0,0,0
0,0,0,0,35,24,5,1381,4,2,1,1,0,0,0,0,0,1,0,0,0,0,0,0,1,0,0,0,0,1
1,1,0,1,35,36,9,5842,2,2,2,2,1,0,0,0,0,1,0,1,0,0,0,0,1,0,0,0,1,1
0,1,0,1,33,12,5,2579,4,1,1,2,0,0,0,0,0,1,0,0,0,0,0,0,1,0,0,1,0,0
1,0,0,0,23,18,1,8471,1,2,2,1,1,0,0,0,0,0,0,0,0,0,0,0,0,1,0,0,0,1
1,0,0,0,31,21,5,2782,1,2,1,1,0,0,0,1,1,1,0,0,1,0,0,0,1,0,0,0,1,1
0,0,0,0,33,18,5,1042,4,2,1,1,0,1,0,0,0,1,0,0,0,0,0,0,1,0,0,0,0,1
1,0,0,0,20,15,5,3186,2,3,1,1,0,0,0,1,1,1,0,0,0,0,0,0,0,1,0,0,1,1
1,1,0,1,30,12,9,2028,4,2,1,1,0,1,0,0,0,1,0,0,0,0,0,0,1,0,0,0,0,1
1,1,0,1,47,12,5,958,2,3,2,2,0,1,0,0,0,1,0,1,0,0,0,0,1,0,0,0,1,0
1,1,0,1,34,21,3,1591,4,3,2,1,0,0,0,1,0,0,0,0,0,0,0,0,1,0,0,0,1,1
0,0,0,0,25,12,3,2762,1,2,1,1,1,1,0,0,0,1,0,0,1,0,0,0,1,0,0,0,1,1
1,1,0,0,21,18,9,2779,1,3,1,1,1,1,0,0,0,1,0,0,0,0,0,0,0,1,0,0,0,1
1,1,0,1,29,28,2,2743,4,2,2,1,0,0,0,0,0,1,0,1,0,0,0,0,1,0,0,0,1,1
1,1,0,1,46,18,2,1149,4,3,2,1,0,0,0,1,1,1,0,1,0,0,0,0,1,0,0,0,0,1
1,1,0,1,20,9,3,1313,1,4,1,1,0,0,0,0,0,1,0,0,0,0,0,0,1,0,0,0,1,1
0,0,0,0,55,18,7,1190,2,4,3,2,0,0,0,0,0,1,0,1,0,0,0,0,0,0,1,0,0,0
1,1,0,1,74,5,0,3448,1,4,1,1,0,0,0,0,0,1,0,0,0,0,0,0,1,0,0,0,1,0
0,1,0,1,29,24,6,11328,2,3,2,1,1,1,0,0,0,1,0,0,1,0,1,0,1,0,0,0,0,1
1,1,0,1,36,6,3,1872,4,4,3,1,1,0,0,0,0,1,0,1,0,0,0,0,0,0,1,0,0,1
1,1,0,0,33,24,7,2058,4,2,2,1,1,0,0,0,0,1,0,1,0,0,0,0,1,0,0,0,0,1
1,1,0,1,25,9,3,2136,3,2,1,1,0,0,0,0,0,1,0,0,0,0,0,0,1,0,0,0,0,1
0,1,0,0,25,12,2,1484,2,1,1,1,1,1,0,0,0,1,0,0,0,0,0,0,1,0,0,0,0,1
1,1,0,0,23,6,7,660,2,4,1,1,0,0,0,1,1,1,0,0,0,0,0,0,0,1,0,0,1,0
1,0,0,0,37,24,5,1287,4,4,2,1,1,0,0,1,1,1,0,1,0,0,0,0,1,0,0,0,1,1
1,1,0,1,65,42,7,3394,4,4,2,1,0,0,0,0,0,1,0,1,0,0,1,0,1,0,1,0,0,0
0,0,0,0,26,12,0,609,4,1,1,1,0,1,1,0,0,1,1,0,0,0,0,0,1,0,0,1,0,0
1,1,0,1,39,12,5,1884,4,4,1,1,1,0,0,0,0,1,0,0,0,0,0,0,1,0,0,0,1,1
1,0,0,0,30,12,3,1620,2,3,1,1,0,0,0,0,0,1,0,0,0,0,1,0,1,0,0,0,0,1
1,1,0,1,29,20,6,2629,2,3,2,1,1,1,0,0,0,0,0,0,1,0,0,0,1,0,0,0,0,1
0,1,0,1,41,12,1,719,4,4,1,2,0,0,0,0,0,1,0,0,1,0,0,0,1,0,0,0,1,0
0,0,0,0,30,48,3,5096,2,3,1,1,1,1,0,0,0,1,0,1,0,0,0,0,1,0,0,0,0,1
1,0,0,0,41,9,1,1244,4,4,2,1,0,0,0,0,0,1,0,1,0,0,0,0,0,1,0,0,1,0
0,0,0,0,34,36,5,1842,4,4,1,1,1,0,0,0,0,1,0,0,0,0,0,0,1,0,0,1,0,1
1,1,0,1,35,7,2,2576,2,2,1,1,0,1,0,0,0,1,0,0,0,0,0,1,1,0,0,0,0,1
1,0,0,0,55,12,3,1424,3,4,1,1,1,1,1,0,0,1,0,0,0,0,0,0,1,0,0,0,1,1
0,1,0,0,61,15,7,1512,3,3,2,1,0,1,0,1,1,0,0,0,0,0,0,0,1,0,0,0,0,1
1,1,0,1,30,36,9,11054,4,2,1,1,1,0,0,0,0,1,0,1,0,0,0,0,1,0,0,0,0,1
1,0,0,0,29,6,2,518,3,1,1,1,0,0,0,0,0,1,0,0,0,0,0,0,1,0,0,0,0,1
1,1,0,1,34,12,3,2759,2,4,2,1,0,0,0,0,0,1,0,0,0,0,0,0,1,0,0,0,1,1
1,1,0,1,35,24,9,2670,4,4,1,1,1,0,0,0,0,1,0,0,0,0,0,0,1,0,0,0,1,1
0,1,0,1,31,24,5,4817,2,3,1,1,1,0,0,0,0,1,0,0,0,0,1,0,1,0,0,0,1,1
1,0,0,0,29,24,9,2679,4,1,1,1,1,0,0,0,0,1,0,0,0,0,0,0,1,0,0,1,0,1
1,1,0,1,36,11,5,3905,2,2,2,2,0,0,0,0,0,1,0,1,0,0,0,0,0,1,0,0,0,1
0,1,0,1,35,12,9,3386,3,4,1,1,1,0,0,0,0,1,0,0,0,0,0,0,0,0,0,0,1,1
1,0,0,0,27,6,4,343,4,1,1,1,0,0,0,0,0,1,0,0,0,0,0,0,1,0,0,1,0,1
1,1,0,1,32,18,2,4594,3,2,1,1,1,0,0,0,0,1,0,0,0,0,0,0,1,0,0,1,0,1
1,1,0,1,37,36,3,3620,1,2,1,2,0,0,0,0,0,1,0,0,0,0,0,1,1,0,0,0,0,1
1,1,0,1,36,15,5,1721,2,3,1,1,0,0,0,0,0,1,0,0,0,0,0,0,1,0,0,1,0,1
1,0,0,0,34,12,3,3017,3,1,1,1,0,1,0,0,0,1,0,0,0,0,0,0,0,1,0,1,0,1
1,1,0,1,38,12,8,754,4,4,2,1,0,1,0,0,0,1,0,0,0,0,0,0,1,0,0,0,1,1
1,1,0,1,34,18,0,1950,4,1,2,1,1,0,0,0,0,1,0,0,0,0,0,0,1,0,0,0,1,1
1,1,0,1,63,24,9,2924,3,4,1,2,1,0,0,0,0,1,0,0,1,0,0,1,1,0,0,0,0,1
0,0,0,0,29,24,2,1659,4,2,1,1,1,0,0,0,0,0,0,0,0,0,0,0,0,1,0,1,0,0
1,1,0,1,32,48,2,7238,3,3,2,2,0,0,0,0,0,0,0,0,1,0,0,0,1,0,0,0,1,1
1,0,0,0,26,33,0,2764,2,2,2,1,1,0,0,0,0,0,0,0,0,0,0,0,1,0,0,0,0,1
1,1,0,1,35,24,9,4679,3,3,2,1,1,0,0,0,0,0,0,0,0,0,0,0,1,0,0,0,1,0
0,1,0,0,22,24,2,3092,3,2,1,1,1,1,0,1,0,1,0,0,0,0,0,0,0,1,0,1,0,1
0,0,0,0,23,6,1,448,4,4,1,1,0,0,0,0,0,1,0,0,0,0,0,0,1,0,0,1,0,1
0,1,0,1,28,9,5,654,4,3,1,1,0,0,0,0,0,1,0,0,0,0,0,0,1,0,0,0,0,0
1,1,0,1,36,6,8,1238,4,4,1,2,1,0,0,0,0,1,0,0,0,0,0,0,1,0,1,0,0,1
0,1,0,0,33,18,2,1245,4,2,1,1,0,1,0,0,0,1,0,1,0,0,0,0,1,0,0,0,0,1
0,0,0,0,26,18,3,3114,1,4,1,1,0,0,0,0,0,1,0,0,0,0,0,0,0,1,0,1,0,1
1,1,0,1,24,39,9,2569,4,4,1,1,0,0,0,1,1,1,0,0,0,0,0,0,1,0,0,0,0,1
1,1,0,1,25,24,2,5152,4,2,1,1,0,1,1,0,0,1,0,0,1,0,0,0,1,0,0,0,1,1
1,1,0,1,39,12,0,1037,3,4,1,1,0,1,0,1,0,1,0,0,0,0,0,0,1,0,0,0,1,0
1,1,0,1,44,15,3,1478,4,4,2,2,1,0,0,0,0,1,0,1,0,0,0,0,1,0,0,0,1,1
1,0,0,0,23,12,2,3573,1,1,1,1,0,1,0,0,0,1,0,1,0,0,0,0,1,0,0,0,0,0
1,1,0,1,26,24,5,1201,4,1,1,1,0,1,0,0,0,1,0,0,0,0,0,0,1,0,0,1,0,1
1,0,0,0,57,30,3,3622,4,4,2,1,1,0,0,1,1,1,0,0,0,0,0,0,0,1,0,0,1,1
1,0,0,0,30,15,3,960,3,2,2,1,0,0,0,1,1,0,0,0,0,0,0,0,1,0,0,0,1,1
1,1,0,1,44,12,5,1163,4,4,1,1,1,0,0,1,1,1,0,1,0,0,0,0,1,0,0,0,0,1
0,1,0,1,47,6,5,1209,4,4,1,1,1,1,0,0,0,0,0,0,0,0,0,0,1,0,1,0,0,1
1,1,0,1,52,12,2,3077,2,4,1,1,1,0,0,0,0,1,0,0,0,0,0,0,1,0,0,0,0,1
1,0,0,0,62,24,5,3757,4,4,1,1,1,0,0,0,0,1,0,0,0,0,1,0,0,0,0,0,1,1
1,1,1,1,35,10,5,1418,3,2,1,1,0,0,0,1,0,1,0,0,0,0,0,0,0,1,0,0,0,0
1,1,0,1,26,6,5,3518,2,3,1,1,0,0,0,0,0,1,0,0,0,0,0,1,0,1,0,0,0,1
1,1,0,1,26,12,2,1934,2,2,2,1,0,0,0,0,0,1,0,1,0,0,0,0,1,0,0,0,1,1
0,0,0,0,42,27,0,8318,2,4,2,1,1,1,0,0,0,1,0,0,0,0,0,0,0,0,0,0,1,1
1,0,0,0,27,6,2,1237,1,1,2,1,0,0,0,1,0,1,0,1,0,0,0,0,1,0,0,0,0,1
1,1,0,1,38,6,2,368,4,4,1,1,0,1,0,0,0,1,0,0,0,0,0,0,1,0,0,0,1,1
1,1,1,1,39,12,5,2122,3,2,2,2,0,0,0,0,0,1,0,1,0,0,0,0,0,1,0,0,0,0
0,1,0,0,20,24,3,2996,2,4,1,1,0,0,0,0,0,1,0,0,0,0,0,0,1,0,0,0,0,1
0,1,0,1,29,36,3,9034,4,1,1,1,1,1,0,1,0,1,0,0,0,0,1,0,0,1,0,1,0,1
1,1,0,1,40,24,3,1585,4,3,2,1,0,0,0,0,0,1,0,1,0,0,0,0,1,0,0,0,1,1
1,1,0,0,32,18,2,1301,4,2,1,1,0,1,0,0,0,1,0,0,0,0,0,1,1,0,0,0,1,0
1,1,0,0,28,6,5,1323,2,4,2,2,1,1,1,1,0,1,0,1,0,0,0,0,1,0,0,0,1,1
0,0,0,0,27,24,5,3123,4,1,1,1,0,0,0,0,0,1,0,0,0,0,0,0,1,0,0,1,0,1
1,1,0,1,42,36,9,5493,2,4,1,2,0,0,0,0,0,1,0,0,0,0,0,0,0,0,0,0,1,1
1,1,0,0,49,9,2,1126,2,4,1,1,0,1,1,1,0,1,0,0,0,0,0,0,1,0,0,0,1,1
0,1,0,1,38,24,2,1216,4,4,2,2,0,1,0,1,0,1,0,1,1,0,0,0,1,0,0,1,0,1
0,0,0,0,24,24,5,1207,4,4,1,1,0,0,0,0,0,1,0,0,0,0,0,0,0,1,0,1,0,1
0,1,0,1,27,10,5,1309,4,4,1,1,0,0,0,0,0,1,0,0,0,0,0,1,1,0,0,0,0,0
1,1,0,1,36,15,9,2360,2,2,1,1,1,1,1,1,1,1,0,1,0,0,0,0,1,0,0,0,0,1
0,1,0,1,34,15,5,6850,1,2,1,2,1,1,0,1,0,1,1,0,0,0,0,0,1,0,1,0,0,1
1,1,0,0,28,24,2,1413,4,2,1,1,0,0,0,0,0,1,0,0,0,0,0,0,1,0,0,0,0,1
1,1,0,1,45,39,9,8588,4,2,1,1,1,0,0,1,0,1,0,0,0,0,0,0,1,0,0,0,1,1
0,1,0,1,26,12,5,759,4,2,1,1,0,0,0,0,0,1,0,0,0,0,0,0,1,0,0,0,1,1
1,1,0,1,32,36,9,4686,2,2,1,1,1,0,0,0,0,1,0,0,0,0,0,0,0,0,0,0,0,1
1,1,0,1,26,15,0,2687,2,4,1,1,1,1,1,0,0,1,0,0,0,0,0,0,0,1,0,0,1,1
1,1,0,0,20,12,2,585,4,4,2,1,0,1,0,0,0,0,0,0,0,0,1,0,0,1,0,0,0,1
1,1,0,1,54,24,5,2255,4,1,1,1,0,0,0,0,0,1,0,0,0,0,0,0,1,0,0,1,0,1
1,0,1,0,37,6,5,609,4,3,2,1,0,0,0,0,0,1,0,1,0,0,0,0,1,0,0,0,1,1
1,1,1,1,40,6,5,1361,2,4,1,2,0,0,0,0,0,1,0,1,0,0,0,0,1,0,0,1,0,0
0,0,0,0,23,36,3,7127,2,4,2,1,1,0,0,0,0,1,0,1,0,0,0,0,0,1,0,1,0,1
1,1,0,1,43,6,5,1203,3,2,1,1,1,0,0,1,0,1,0,0,0,0,0,0,1,0,0,0,1,1
1,1,0,1,36,6,2,700,4,4,2,1,0,0,0,0,0,1,0,1,0,0,0,0,0,0,0,0,1,1
1,1,0,1,44,24,7,5507,3,4,2,1,0,0,0,0,0,1,0,1,0,0,0,0,0,0,0,0,1,1
0,0,0,0,24,18,2,3190,2,2,1,1,0,0,0,0,0,1,0,0,0,0,0,0,1,0,0,0,0,1
0,1,0,1,53,48,3,7119,3,4,2,2,0,0,0,0,0,1,0,0,0,0,0,0,0,0,0,0,0,1
1,0,0,0,23,24,9,3488,3,4,1,1,0,0,0,1,0,1,0,0,0,0,0,0,1,0,0,0,1,1
1,0,0,0,26,18,2,1113,4,4,1,2,0,1,0,0,0,1,0,0,0,0,0,1,1,0,0,0,0,0
1,1,0,1,30,26,9,7966,2,3,2,1,0,1,0,0,0,1,0,0,0,0,0,0,1,0,0,1,0,1
1,0,0,0,31,15,1,1532,4,3,1,1,0,0,0,1,0,1,0,1,0,0,0,0,1,0,0,0,0,1
1,1,0,1,42,4,2,1503,2,1,2,2,0,0,0,0,0,1,0,1,0,0,0,0,1,0,0,0,1,0
0,1,0,0,31,36,2,2302,4,4,1,1,0,0,0,0,0,1,0,0,0,0,0,0,0,1,0,0,0,1
1,1,0,1,41,6,5,662,3,4,1,2,1,0,0,0,0,1,0,0,0,0,0,0,1,0,0,1,0,0
1,1,0,1,32,36,1,2273,3,1,2,2,0,1,0,0,0,1,0,0,0,0,0,0,1,0,0,0,1,1
0,0,0,0,28,15,5,2631,2,4,2,1,1,1,0,1,0,1,0,0,0,0,0,0,0,1,0,0,0,1
1,1,0,0,41,12,9,1503,4,4,1,1,0,0,0,0,0,0,0,0,0,0,0,0,0,1,0,0,0,1
1,1,0,0,26,24,2,1311,4,3,1,1,1,0,0,1,0,1,0,0,0,0,0,0,1,0,0,0,1,1
1,1,0,1,25,24,2,3105,4,2,2,1,0,0,0,0,0,1,0,0,0,0,0,0,1,0,0,1,0,1
0,1,0,0,33,21,1,2319,2,1,1,1,0,1,1,0,0,1,0,1,0,0,0,0,0,1,0,1,0,1
1,0,0,0,75,6,5,1374,4,3,1,1,1,0,0,0,0,1,0,0,0,0,0,0,1,0,1,0,0,1
1,0,0,0,37,18,3,3612,3,4,1,1,1,1,0,0,0,1,0,1,0,0,0,0,1,0,0,0,1,1
0,1,0,1,42,48,5,7763,4,4,1,1,0,0,0,0,0,1,0,0,1,0,0,0,0,0,0,0,1,1
1,0,0,0,45,18,3,3049,1,1,1,1,0,1,1,0,0,1,0,0,0,0,0,0,1,0,0,1,0,0
0,1,0,0,23,12,2,1534,1,1,1,1,0,1,0,0,0,1,0,0,0,0,0,0,0,1,0,1,0,1
1,1,0,1,60,24,5,2032,4,4,2,1,1,0,0,0,0,0,0,0,0,0,0,0,0,0,0,0,1,1
0,1,0,1,31,30,3,6350,4,4,1,1,0,0,0,0,0,1,0,0,0,0,0,0,1,0,0,0,1,1
0,1,0,1,34,18,3,2864,2,1,1,2,0,1,1,0,0,1,0,0,0,0,0,0,1,0,0,0,0,0
1,1,0,1,61,12,5,1255,4,4,2,1,0,0,0,0,0,1,0,1,0,0,0,0,1,0,0,0,1,0
0,1,0,1,43,24,5,1333,4,2,2,2,0,0,0,0,0,0,0,0,0,0,0,0,0,0,1,0,0,1
1,0,0,0,37,24,5,2022,4,4,1,1,1,0,0,0,0,1,0,1,0,0,0,0,1,0,0,0,0,1
1,1,0,1,32,24,2,1552,3,1,1,2,0,0,0,0,0,1,0,0,1,0,0,0,1,0,0,0,1,1
0,0,0,0,24,12,2,626,4,4,1,1,0,0,0,0,0,1,1,0,1,0,0,0,1,0,0,0,0,0
1,1,0,1,35,48,9,8858,2,1,2,1,1,0,0,0,0,1,0,1,0,0,0,0,0,0,0,0,1,1
1,0,0,0,23,12,7,996,4,4,2,1,0,0,0,0,0,1,0,1,0,0,0,0,1,0,0,0,1,1
1,1,0,1,45,6,2,1750,2,4,1,2,0,0,0,1,1,1,1,0,1,0,0,0,1,0,0,0,1,0
0,1,0,0,34,48,2,6999,1,1,2,1,1,0,0,0,0,1,0,0,0,0,0,1,1,0,0,0,1,1
1,1,0,1,27,12,5,1995,4,1,1,1,0,1,0,1,0,1,0,1,0,0,0,0,1,0,0,1,0,1
1,0,0,0,67,9,1,1199,4,4,2,1,1,1,0,0,0,1,0,0,0,0,0,0,1,0,0,0,1,1
0,1,0,1,22,12,2,1331,2,1,1,1,0,1,0,0,0,1,0,0,0,0,0,0,1,0,0,1,0,1
0,0,0,0,28,18,5,2278,3,3,2,1,0,1,0,1,0,1,0,0,0,0,0,0,1,0,0,1,0,1
0,0,0,0,29,21,5,5003,1,4,2,1,1,0,0,0,0,1,0,0,1,0,0,0,1,0,0,0,0,1
0,1,0,1,27,24,3,3552,3,4,1,1,0,0,0,0,0,1,1,0,1,0,0,0,1,0,0,0,1,1
0,1,0,1,31,18,3,1928,2,2,2,1,0,1,0,0,0,1,0,1,0,0,0,0,1,0,0,1,0,0
1,1,0,1,49,24,9,2964,4,4,1,2,1,0,0,0,0,1,0,0,1,0,0,0,0,0,0,0,1,1
0,1,0,1,24,24,2,1546,4,4,1,1,0,0,0,0,0,1,1,0,1,0,0,1,0,1,0,0,1,0
1,0,0,0,29,6,2,683,2,1,1,1,0,1,1,0,0,0,0,0,1,0,0,0,1,0,0,1,0,1
0,1,0,1,37,36,5,12389,1,4,1,1,1,1,0,0,0,1,0,0,0,0,0,0,0,0,0,0,0,1
1,1,0,1,37,24,0,4712,4,2,2,1,1,1,0,0,0,0,0,0,1,0,0,0,1,0,0,0,0,1
1,0,0,0,23,24,2,1553,3,2,2,1,1,1,0,1,0,0,0,0,0,0,0,0,0,1,0,0,1,1
0,1,0,0,36,12,5,1372,2,3,1,1,0,0,0,0,0,1,0,0,0,0,0,0,1,0,0,0,1,1
1,1,0,1,34,24,2,2578,2,2,1,1,0,0,0,1,1,1,0,1,0,0,0,0,1,0,0,0,1,1
1,1,0,1,41,48,2,3979,4,1,2,2,1,1,0,0,0,1,0,0,0,0,0,0,1,0,0,0,1,1
0,0,0,0,31,48,2,6758,3,2,1,1,1,0,0,0,0,1,0,0,0,0,0,0,1,0,0,0,0,1
0,0,0,0,23,24,3,3234,4,4,1,1,1,0,0,0,0,1,0,0,0,0,0,0,0,1,0,1,0,0
1,1,0,1,38,30,2,5954,3,2,1,1,0,0,0,0,0,1,0,1,0,0,1,0,1,0,0,0,1,1
1,0,0,0,26,24,9,5433,2,4,1,1,1,0,0,0,0,1,0,0,0,0,0,0,0,1,1,0,0,1
1,0,0,0,22,15,0,806,4,4,1,1,0,0,0,0,0,1,0,0,0,0,0,0,1,0,0,0,0,0
1,1,0,1,27,9,2,1082,4,4,2,1,0,1,0,0,0,1,0,0,0,0,0,0,1,0,0,0,1,0
1,0,0,0,24,15,3,2788,2,3,2,1,0,0,0,0,0,1,0,1,1,0,1,0,1,0,0,0,1,1
1,0,0,0,27,12,2,2930,2,1,1,1,0,1,0,0,0,1,0,0,0,0,0,0,1,0,0,0,1,1
1,0,0,0,33,24,1,1927,3,2,2,1,1,0,0,0,0,1,0,1,0,0,0,0,1,0,0,0,0,1
0,1,0,0,27,36,5,2820,4,4,2,1,0,1,0,0,0,1,0,1,0,0,0,0,1,0,0,1,0,1
1,1,0,0,27,24,8,937,4,3,2,1,0,0,0,0,0,1,0,0,0,0,0,0,1,0,0,1,0,0
0,1,0,1,30,18,5,1056,3,3,2,1,0,1,0,0,0,1,0,1,1,0,0,1,1,0,0,0,1,1
1,1,0,1,49,12,5,3124,1,3,2,2,0,1,0,0,0,1,0,1,1,0,0,0,1,0,0,1,0,0
1,0,0,0,26,9,3,1388,4,2,1,1,0,0,0,0,0,1,0,0,0,0,0,0,0,1,0,0,0,1
0,1,0,1,33,36,7,2384,4,1,1,1,0,1,0,0,0,1,0,0,0,0,0,0,0,1,0,1,0,0
1,0,0,0,52,12,5,2133,4,4,1,1,1,0,0,0,0,1,0,0,0,0,0,0,0,0,0,0,1,1
0,0,0,0,20,18,3,2039,1,4,1,1,0,0,0,0,0,1,0,0,1,0,0,0,0,1,0,0,0,1
1,1,0,1,36,9,5,2799,2,2,2,2,0,0,0,0,0,1,0,1,0,0,0,0,0,1,0,0,0,1
1,1,0,1,21,12,3,1289,4,1,1,1,0,0,0,0,0,1,0,0,0,0,0,1,1,0,0,0,0,0
0,1,0,0,47,18,4,1217,4,3,1,1,1,0,0,0,0,1,0,0,0,0,0,0,1,0,0,0,0,0
0,1,0,1,60,12,3,2246,3,3,2,1,0,0,0,0,0,1,0,1,0,0,0,0,1,0,0,0,1,1
1,0,0,0,58,12,2,385,4,3,4,1,1,0,0,0,0,1,0,1,0,0,0,0,1,0,0,0,1,0
1,0,0,0,42,24,5,1965,4,4,2,1,1,1,0,0,0,0,0,0,0,0,0,0,0,1,0,0,0,1
1,0,0,0,36,21,0,1572,4,4,1,1,0,0,0,1,1,1,0,0,1,0,0,0,1,0,0,0,1,0
0,0,0,0,20,24,5,2718,3,4,1,1,1,1,0,0,0,1,0,0,0,0,0,0,0,1,0,0,0,0
0,1,0,1,40,24,6,1358,4,3,1,1,1,0,0,0,0,1,1,0,0,0,0,0,1,0,0,0,1,1
0,0,0,0,32,6,5,931,1,1,1,1,0,1,0,1,0,1,1,0,0,0,0,0,1,0,0,1,0,0
0,0,0,0,23,24,5,1442,4,4,2,1,0,0,0,0,0,1,0,0,0,0,0,0,0,1,0,0,1,1
0,1,0,1,36,24,0,4241,1,4,3,1,1,1,0,0,0,1,0,0,0,0,0,0,1,0,0,0,0,0
0,1,0,1,31,18,5,2775,2,2,2,1,0,0,0,0,0,1,0,1,1,0,0,0,1,0,0,0,1,1
1,1,0,1,32,24,0,3863,1,2,1,1,0,0,0,0,0,0,0,0,0,0,0,0,0,0,0,0,0,1
1,0,0,0,45,7,2,2329,1,1,1,1,0,1,0,0,0,1,0,0,0,0,0,1,1,0,0,1,0,1
0,0,0,0,30,9,3,918,4,1,1,1,0,1,0,0,0,1,0,0,0,0,0,0,1,0,0,0,0,1
0,0,0,0,34,24,1,1837,4,4,1,1,0,1,0,0,0,1,1,0,1,0,0,0,0,0,0,0,1,0
0,0,0,0,28,36,3,3349,4,2,1,1,1,0,0,0,0,1,0,0,0,0,0,0,1,0,0,0,0,1
1,0,0,0,23,10,3,1275,4,2,1,1,0,1,1,0,0,1,0,0,0,0,0,0,1,0,0,1,0,1
1,1,0,1,22,24,3,2828,4,4,1,1,1,0,0,1,1,1,1,0,0,0,0,0,1,0,0,0,0,1
1,1,0,1,74,24,0,4526,3,2,1,1,1,0,0,0,0,1,0,1,0,0,0,0,1,0,0,0,0,1
0,0,0,0,50,36,2,2671,4,4,1,1,0,1,0,1,0,1,0,0,0,0,1,0,0,0,0,0,0,1
1,1,0,1,33,18,2,2051,4,1,1,1,0,0,0,0,0,1,0,0,0,0,0,0,1,0,0,1,0,1
1,1,0,1,45,15,9,1300,4,4,1,2,0,0,0,0,0,1,0,0,1,0,0,0,0,0,0,0,1,1
0,0,0,0,22,12,4,741,4,3,1,1,0,0,0,1,0,1,0,0,0,0,0,0,1,0,1,0,0,1
0,0,0,0,48,10,5,1240,1,4,1,2,0,1,1,1,0,1,0,0,0,0,0,0,0,0,0,0,1,0
1,0,0,0,29,21,2,3357,4,2,1,1,0,0,0,1,1,1,0,0,1,0,0,0,1,0,0,1,0,1
1,0,1,0,22,24,9,3632,1,4,1,1,0,0,0,0,0,1,1,0,1,0,0,1,0,1,0,0,0,1
0,0,0,0,22,18,3,1808,4,1,1,1,0,0,0,0,0,0,0,0,0,0,0,0,1,0,0,0,1,1
1,1,0,1,48,48,0,12204,2,2,1,1,1,1,0,0,0,1,0,0,1,0,0,0,1,0,0,0,0,1
1,1,0,1,27,60,2,9157,2,2,1,1,0,1,0,0,0,0,0,0,0,0,0,0,0,0,0,0,0,1
1,1,0,1,37,6,5,3676,1,3,3,2,0,0,0,0,0,1,0,1,0,0,0,0,0,1,0,0,0,1
0,0,0,0,21,30,3,3441,2,4,1,1,0,1,0,1,0,1,0,0,0,0,1,0,0,1,0,0,0,1
1,1,0,0,49,12,5,640,4,2,1,1,0,0,0,0,0,1,0,0,0,0,0,0,1,0,0,0,0,0
1,1,0,1,27,21,0,3652,2,3,2,1,0,1,0,0,0,1,0,1,0,0,0,0,1,0,0,0,1,1
0,1,0,1,32,18,5,1530,3,2,2,1,0,0,0,0,0,1,0,1,1,0,0,0,1,0,0,0,0,1
0,1,0,0,38,48,0,3914,4,2,1,1,0,0,0,0,0,1,0,0,1,0,0,0,1,0,0,0,0,1
1,0,0,0,22,12,3,1858,4,1,1,1,0,0,0,0,0,1,0,0,0,0,0,0,0,1,0,1,0,1
0,1,0,1,65,18,2,2600,4,4,2,1,0,0,0,0,0,1,0,0,0,0,0,0,0,0,0,0,0,1
1,1,0,1,35,15,2,1979,4,2,1,1,0,0,0,0,0,1,0,0,0,0,0,0,1,0,0,0,1,1
1,1,0,1,41,6,3,2116,2,2,1,1,1,1,1,0,0,1,0,0,0,0,0,0,1,0,0,0,0,1
0,1,0,1,29,9,5,1437,2,3,1,1,0,1,0,1,0,1,1,0,0,0,0,0,1,0,0,0,1,1
1,1,0,1,36,42,3,4042,4,4,2,1,1,0,0,1,1,1,0,1,0,0,0,0,1,0,0,0,0,1
1,1,0,1,64,9,1,3832,1,4,1,1,0,0,0,0,0,1,0,0,0,0,0,0,1,0,0,0,1,0
1,0,0,0,28,24,2,3660,2,4,1,1,0,0,0,0,0,1,0,0,0,0,0,0,1,0,0,0,0,1
0,1,0,1,44,18,3,1553,4,3,1,1,0,0,0,0,0,1,1,0,1,0,0,0,1,0,0,0,0,1
1,1,0,1,23,15,2,1444,4,1,1,1,0,1,0,0,0,1,0,0,0,0,0,0,1,0,0,1,0,1
0,0,0,0,19,9,3,1980,2,2,2,1,0,0,0,0,0,1,0,0,0,0,1,0,0,1,0,1,0,1
0,0,0,0,25,24,5,1355,3,4,1,1,1,1,0,0,0,1,0,0,0,0,0,0,1,0,0,1,0,0
1,1,0,1,47,12,1,1393,4,4,3,2,1,0,0,0,0,1,0,0,1,0,0,0,1,0,0,0,1,1
1,0,0,0,28,24,2,1376,4,1,1,1,0,0,0,1,1,1,0,0,0,0,0,0,1,0,0,0,1,1
1,1,0,1,21,60,2,15653,2,4,2,1,1,0,0,0,0,0,0,0,0,0,0,0,1,0,0,0,1,1
1,0,0,0,34,12,2,1493,4,3,1,2,0,0,0,0,0,1,0,0,0,0,0,0,1,0,0,1,0,1
0,1,0,1,26,42,2,4370,3,2,2,2,1,0,0,0,0,0,0,0,1,0,0,0,1,0,0,0,1,1
0,0,0,0,27,18,1,750,4,1,1,1,0,0,0,0,0,1,0,0,0,0,0,0,1,0,1,0,0,0
1,1,0,1,38,15,7,1308,4,4,2,1,0,1,0,0,0,1,0,0,0,0,0,0,1,0,0,0,1,0
0,1,0,1,40,15,1,4623,3,2,1,1,1,0,0,1,0,1,0,0,0,0,0,0,1,0,0,0,0,1
1,1,0,0,33,24,2,1851,4,2,2,1,1,0,0,0,0,1,0,1,0,0,0,1,1,0,0,0,1,1
1,1,0,0,32,18,2,1880,4,1,2,1,1,0,0,0,0,1,0,1,0,0,0,0,1,0,0,0,1,1
0,1,0,1,27,36,0,7980,4,4,2,1,1,0,0,0,0,0,0,0,0,0,0,0,0,1,0,1,0,1
1,1,0,0,32,30,3,4583,2,2,2,1,0,0,0,0,0,1,0,0,0,0,0,1,1,0,0,0,0,1
0,0,0,0,26,12,5,1386,2,2,1,1,0,0,0,1,1,1,0,0,0,0,0,0,1,0,0,0,0,1
0,1,0,1,38,24,5,947,4,3,1,2,0,1,1,0,0,1,0,0,1,0,0,0,0,0,0,0,1,1
0,1,0,1,40,12,1,684,4,4,1,2,0,0,0,0,0,1,0,0,0,0,0,0,0,1,0,0,0,0
1,1,0,1,50,48,1,7476,4,1,1,1,1,0,0,0,0,1,0,0,0,0,0,0,0,0,0,0,1,1
0,1,0,1,37,12,3,1922,4,2,1,1,0,1,0,0,0,1,0,0,0,0,0,0,1,0,0,0,0,0
0,1,0,1,45,24,5,2303,4,1,1,1,0,0,0,0,0,1,0,0,0,0,1,0,1,0,0,0,1,1
0,1,0,1,42,36,5,8086,2,4,4,1,1,1,0,1,0,0,0,0,0,0,0,0,1,0,0,0,1,1
1,1,0,1,35,24,9,2346,4,3,2,1,1,0,0,0,0,1,0,1,0,0,0,0,1,0,0,0,1,1
1,1,0,1,22,14,5,3973,1,4,1,1,0,0,0,0,0,1,0,0,0,0,0,0,0,0,1,0,0,1
0,1,0,1,41,12,5,888,4,4,1,2,0,1,0,0,0,1,0,0,1,0,0,0,1,0,0,0,1,0
1,1,0,1,37,48,2,10222,4,3,1,1,1,0,0,0,0,1,0,0,0,0,0,0,1,0,0,0,1,1
1,0,0,0,28,30,0,4221,2,1,2,1,0,1,0,0,0,1,0,0,0,0,0,0,1,0,0,0,0,1
1,1,0,1,41,18,3,6361,2,1,1,1,1,1,0,0,0,1,0,1,0,0,0,0,1,0,0,0,1,1
1,1,0,0,23,12,2,1297,3,4,1,1,0,1,1,0,0,1,0,0,0,0,0,0,0,1,0,0,0,1
0,1,0,0,23,12,5,900,4,2,1,1,0,0,0,0,0,1,0,0,0,0,0,0,1,0,0,0,0,1
1,1,0,1,50,21,3,2241,4,2,2,1,0,0,0,0,0,1,0,0,0,0,0,0,1,0,0,0,1,1
1,1,0,1,35,6,3,1050,4,1,2,1,1,1,0,0,0,0,0,0,0,0,0,0,1,0,1,0,0,1
1,0,0,0,50,6,1,1047,2,4,1,1,0,1,1,0,0,1,0,1,0,0,0,0,1,0,0,0,0,0
1,1,0,1,27,24,6,6314,4,2,2,1,1,0,0,0,0,1,0,1,1,0,1,0,1,0,1,0,0,1
1,1,0,1,34,30,3,3496,4,2,1,2,1,1,0,1,1,1,1,0,0,0,0,0,1,0,0,0,0,1
1,0,0,0,27,48,0,3609,1,1,1,1,0,0,0,0,0,1,1,0,0,0,0,0,1,0,0,0,0,1
0,1,0,1,43,12,5,4843,3,4,2,1,1,0,0,0,0,1,0,1,0,0,1,0,0,1,0,0,1,1
1,1,0,1,47,30,2,3017,4,4,1,1,0,1,1,0,0,1,0,1,0,0,0,0,1,0,0,0,1,1
1,1,0,1,27,24,0,4139,3,3,2,1,1,0,0,1,0,1,0,1,0,0,0,0,1,0,0,0,0,0
1,1,0,1,31,36,0,5742,2,2,2,1,1,0,0,1,0,1,0,0,0,0,0,0,1,0,0,0,1,1
1,1,0,1,42,60,5,10366,2,4,1,1,1,0,0,0,0,1,0,0,0,0,0,0,1,0,0,0,1,1
1,1,0,0,24,6,5,2080,1,2,1,1,0,0,0,1,1,1,0,1,0,0,0,0,1,0,0,0,0,1
0,1,0,1,41,21,0,2580,4,2,1,2,0,0,0,1,1,0,0,0,1,0,0,0,1,0,0,1,0,0
1,0,0,0,26,30,2,4530,4,4,1,1,1,0,0,0,0,1,0,1,0,0,0,0,0,1,0,0,1,1
1,1,0,1,33,24,3,5150,4,4,1,1,1,0,0,0,0,1,0,1,0,0,0,0,1,0,0,0,1,1
0,1,0,0,24,72,2,5595,2,2,1,1,0,1,0,1,0,1,0,0,0,0,0,0,1,0,0,0,0,1
1,1,0,1,64,24,2,2384,4,4,1,1,0,0,0,0,0,1,0,0,1,0,0,0,0,1,0,0,1,0
1,0,0,0,26,18,2,1453,3,1,1,1,0,0,0,0,0,1,0,0,0,0,0,0,1,0,0,1,0,1
1,0,0,0,56,6,1,1538,1,2,1,1,0,0,0,0,0,1,0,0,0,0,0,0,1,0,0,1,0,1
1,1,0,1,37,12,2,2279,4,4,1,1,1,0,0,0,0,1,0,0,0,0,0,0,0,0,0,0,0,1
1,1,0,0,33,15,2,1478,4,3,2,1,0,0,0,0,0,0,0,0,1,0,0,0,1,0,0,0,0,1
1,1,0,0,47,24,2,5103,3,3,3,1,1,0,0,0,0,1,0,1,0,0,0,0,0,0,0,1,0,1
1,1,0,1,31,36,0,9857,1,3,2,2,1,1,0,1,0,0,0,0,0,0,0,0,1,0,0,0,1,0
1,1,0,1,34,60,5,6527,4,4,1,2,1,0,0,0,0,1,0,0,0,0,0,0,0,0,0,0,0,1
1,1,0,1,27,10,2,1347,4,2,2,1,1,1,1,0,0,1,0,1,0,0,0,0,1,0,0,0,1,1
1,1,0,1,30,36,5,2862,4,3,1,1,0,1,0,1,0,0,0,0,0,0,0,0,0,0,0,0,1,1
1,1,0,1,35,9,2,2753,3,4,1,1,1,0,0,1,0,1,0,0,0,0,1,0,1,0,0,0,1,1
1,1,0,1,31,12,5,3651,1,3,1,2,0,0,0,1,1,1,0,0,0,0,0,0,1,0,0,0,0,1
1,1,0,0,25,15,3,975,2,3,2,1,0,0,0,0,0,1,0,1,0,0,0,0,1,0,0,0,0,1
1,0,0,0,25,15,7,2631,3,2,1,1,0,1,0,1,0,1,0,0,0,0,0,0,1,0,0,0,0,0
1,1,0,1,29,24,2,2896,2,1,1,1,0,1,0,1,0,1,0,0,0,0,0,0,1,0,0,1,0,1
1,1,0,1,44,6,5,4716,1,3,2,2,0,0,0,0,0,1,0,1,0,0,0,0,1,0,0,1,0,0
1,1,0,1,28,24,2,2284,4,2,1,1,1,0,0,0,0,1,0,0,0,0,0,0,1,0,0,0,1,1
1,1,0,1,50,6,9,1236,2,4,1,1,0,0,0,1,1,1,0,0,0,0,0,0,0,1,0,0,0,1
1,1,1,1,29,12,2,1103,4,3,2,1,0,1,0,0,0,1,0,0,0,0,0,1,1,0,0,0,1,1
1,0,0,0,38,12,5,926,1,2,1,1,0,0,0,0,0,1,0,1,0,0,0,0,1,0,1,0,0,0
1,1,0,1,24,18,2,1800,4,2,2,1,0,0,0,0,0,1,0,1,0,0,0,0,1,0,0,0,0,1
1,1,0,1,40,15,1,1905,4,4,1,1,1,1,1,0,0,1,0,0,0,0,0,0,0,1,0,0,1,1
0,0,0,0,29,12,3,1123,4,4,1,1,0,0,0,1,1,1,0,0,0,0,0,0,0,1,0,0,0,0
0,1,0,1,46,48,9,6331,4,4,2,1,1,0,0,0,0,1,0,1,0,0,0,0,0,0,0,0,1,1
1,0,0,0,47,24,2,1377,4,2,1,1,1,1,1,1,0,1,0,0,0,0,0,0,0,0,0,0,1,1
1,1,0,1,41,30,0,2503,4,2,2,1,0,1,0,1,0,0,0,0,0,0,0,0,1,0,0,0,1,1
1,0,0,0,32,27,0,2528,4,1,1,2,1,1,0,0,0,1,0,0,0,0,0,0,1,0,0,1,0,1
1,0,0,0,35,15,5,5324,1,4,1,1,0,0,0,1,1,1,0,0,0,0,0,0,0,0,0,0,1,1
0,1,0,1,24,48,5,6560,3,2,1,1,0,1,0,1,0,1,0,0,0,0,0,0,1,0,0,0,1,1
0,0,0,0,25,12,3,2969,4,3,2,1,0,1,0,0,0,1,0,0,0,0,0,0,0,1,0,1,0,1
1,0,0,0,25,9,2,1206,4,4,1,1,0,1,0,0,0,1,0,0,0,0,0,0,1,0,0,0,1,1
1,1,0,1,37,9,2,2118,2,2,1,2,0,1,0,0,0,1,0,0,0,0,0,0,1,0,0,0,0,0
1,1,0,1,32,18,2,629,4,3,2,1,1,0,0,1,1,1,0,1,1,0,0,0,1,0,0,0,1,1
0,0,0,0,35,6,1,1198,4,4,1,1,0,0,0,0,0,1,1,0,0,0,0,0,0,0,0,0,1,1
1,1,0,1,46,21,9,2476,4,4,1,1,1,0,0,0,0,1,0,0,0,0,0,0,1,0,0,0,1,1
1,1,0,1,25,9,2,1138,4,4,2,1,0,0,0,0,0,1,0,1,0,0,0,0,1,0,0,0,0,0
0,1,0,1,27,60,5,14027,4,2,1,1,1,1,0,0,0,1,0,0,0,0,0,0,1,0,0,0,1,1
1,1,0,1,63,30,9,7596,1,4,2,1,0,0,0,0,0,1,0,1,0,0,0,0,1,0,0,0,1,1
1,1,0,1,40,30,2,3077,3,2,2,2,1,0,0,0,0,1,0,1,0,0,0,0,1,0,0,0,1,1
1,1,0,1,32,18,2,1505,4,2,1,1,1,0,0,0,0,1,0,0,0,0,0,0,0,0,0,0,0,1
1,1,0,1,31,24,2,3148,3,2,2,1,1,1,1,0,0,1,0,1,0,0,0,0,1,0,0,0,0,1
1,1,0,0,31,20,9,6148,3,4,2,1,1,1,0,1,0,1,0,0,1,0,0,0,1,0,0,0,1,1
0,1,0,1,34,9,2,1337,4,2,2,1,1,1,1,0,0,1,0,0,0,0,0,0,1,0,0,1,0,1
0,0,0,0,24,6,1,433,4,2,1,2,0,1,0,1,1,1,1,0,1,0,0,0,0,1,0,1,0,1
0,0,0,0,24,12,5,1228,4,2,1,1,0,0,0,0,0,1,0,0,0,0,0,0,1,0,0,0,0,0
1,0,0,0,66,9,2,790,4,3,1,1,0,1,0,1,1,1,0,0,0,0,0,0,1,0,0,0,0,0
0,0,0,0,21,27,5,2570,3,3,1,1,0,0,0,0,0,1,0,0,0,0,0,0,0,1,0,0,0,1
1,0,0,0,41,6,5,250,2,2,2,1,0,0,0,1,1,1,0,1,1,0,0,0,1,0,0,0,0,0
1,1,0,0,47,15,2,1316,2,2,2,1,0,0,0,1,1,1,0,1,0,0,0,0,1,0,0,0,0,0
0,0,0,0,25,18,2,1882,4,4,2,1,0,0,0,0,0,1,0,0,1,0,0,0,0,1,0,0,0,1
0,0,0,0,59,48,0,6416,4,3,1,1,0,1,0,0,0,1,1,0,0,0,0,0,0,1,0,0,1,1
1,1,0,0,36,24,0,1275,2,4,2,1,1,1,1,1,1,1,0,1,0,0,0,0,1,0,0,0,0,1
1,1,0,1,33,24,2,6403,1,2,1,1,0,1,0,0,0,0,0,0,0,0,0,0,1,0,0,1,0,1
0,1,0,1,21,24,2,1987,2,4,1,2,0,0,0,0,0,1,0,0,0,0,0,0,0,1,0,0,0,0
1,0,0,0,44,8,2,760,4,2,1,1,0,1,0,0,0,1,0,0,0,0,0,1,1,0,0,0,1,0
1,0,0,0,28,24,9,2603,2,4,1,1,1,0,0,1,1,1,0,0,0,0,0,0,0,1,0,0,0,1
1,0,0,0,37,4,5,3380,1,1,1,2,0,0,0,0,0,1,0,1,0,0,0,0,1,0,0,0,1,1
1,0,0,0,29,36,4,3990,3,2,1,1,0,1,0,0,0,1,1,0,1,0,0,0,1,0,0,1,0,0
0,0,0,0,23,24,9,11560,1,4,2,1,0,1,0,0,0,1,0,0,0,0,0,0,0,1,0,0,0,1
1,1,0,1,35,18,5,4380,3,4,1,2,1,0,0,1,0,1,0,0,0,0,0,0,1,0,0,0,0,0
1,1,0,1,45,6,5,6761,1,3,2,2,1,0,0,0,0,1,0,1,0,0,0,0,1,0,0,0,1,1
0,0,0,0,26,30,0,4280,4,4,2,1,0,1,0,1,0,1,0,0,0,0,0,0,0,1,0,0,0,0
1,1,0,1,32,24,5,2325,2,3,1,1,0,0,0,1,0,1,1,0,1,0,0,0,1,0,0,0,1,1
1,1,0,1,23,10,2,1048,4,4,1,1,0,1,0,0,0,1,1,0,0,0,0,0,1,0,0,0,0,0
1,1,0,1,41,21,2,3160,4,3,1,1,1,0,0,0,0,1,0,0,0,0,0,0,1,0,0,0,1,1
1,1,0,1,22,24,3,2483,4,4,1,1,1,0,0,1,1,1,1,0,0,0,0,0,1,0,0,0,0,1
1,1,0,1,30,39,3,14179,4,4,2,1,1,0,0,0,0,1,0,1,0,0,0,0,1,0,0,0,1,1
1,1,0,1,28,13,0,1797,3,1,2,1,0,0,0,0,0,1,0,1,1,0,0,0,1,0,0,1,0,0
1,0,0,0,23,15,5,2511,1,4,1,1,0,0,0,0,0,1,0,0,0,0,0,0,0,1,1,0,0,1
0,0,0,0,37,12,5,1274,3,1,1,1,0,0,0,0,0,1,0,0,0,0,0,0,1,0,0,1,0,0
1,1,0,1,26,21,9,5248,1,3,1,1,0,0,0,0,0,1,0,0,0,0,0,0,1,0,0,0,0,1
1,1,0,1,33,15,9,3029,2,2,1,1,0,0,0,0,0,1,0,0,0,0,0,0,1,0,0,0,1,1
1,0,0,0,49,6,3,428,2,1,1,1,1,0,0,0,0,1,0,0,1,0,0,0,1,0,0,0,1,1
0,0,0,0,23,18,5,976,1,2,1,1,0,0,0,0,0,1,0,0,0,0,0,0,1,0,0,1,0,0
1,0,0,0,23,12,0,841,2,4,1,1,0,1,0,1,0,1,0,0,0,0,0,0,0,1,0,0,1,0
1,0,0,0,25,30,2,5771,4,2,2,1,0,0,0,0,0,1,0,1,0,0,0,0,1,0,0,0,1,1
0,1,0,1,55,12,7,1555,4,4,2,2,0,0,0,1,1,0,0,0,0,0,0,0,0,0,0,0,1,1
0,0,0,0,32,24,5,1285,4,4,1,1,0,0,0,0,0,1,0,0,0,0,0,0,0,1,0,0,1,1
1,1,1,1,74,6,5,1299,1,1,3,2,0,1,1,0,0,1,0,1,0,0,0,0,1,0,0,0,0,0
0,1,0,1,39,15,2,1271,3,4,2,1,1,1,1,0,0,1,0,1,0,0,0,0,0,0,0,0,0,1
1,1,0,1,31,24,5,1393,2,2,1,1,1,0,0,0,0,1,0,0,0,0,0,1,1,0,0,0,0,1
0,1,0,1,35,12,5,691,4,3,2,1,0,0,0,0,0,1,0,1,0,0,0,0,1,0,0,0,1,1
1,0,0,0,59,15,5,5045,1,4,1,1,1,0,0,0,0,1,0,1,0,0,0,0,1,0,0,0,1,1
0,0,0,0,24,18,3,2124,4,4,2,1,0,0,0,0,0,1,0,1,0,0,0,0,0,1,0,0,0,1
1,1,0,1,24,12,2,2214,4,3,1,1,0,0,0,0,0,1,0,0,0,0,0,0,1,0,0,0,0,0
0,1,0,1,30,21,5,12680,4,4,1,1,1,0,0,0,0,1,0,1,0,0,0,0,0,0,0,0,1,1
1,1,0,0,27,24,5,2463,4,3,2,1,1,0,0,1,0,1,0,1,0,0,0,0,1,0,0,0,1,1
1,1,0,0,40,12,2,1155,3,3,2,1,0,1,0,0,0,1,0,0,1,0,0,1,1,0,0,0,1,0
0,1,0,0,31,30,3,3108,2,4,1,1,0,0,0,0,0,1,0,0,0,0,0,0,1,0,0,1,0,0
1,0,0,0,31,10,9,2901,1,4,1,1,0,0,0,0,0,1,0,0,0,0,0,0,0,1,0,1,0,1
1,1,0,1,28,12,3,3617,1,4,3,1,1,1,0,0,0,1,0,1,0,0,0,0,0,1,0,0,1,1
1,1,0,1,63,12,2,1655,2,4,2,1,1,0,0,0,0,1,0,1,0,0,0,0,1,0,0,0,1,0
1,0,0,0,26,24,9,2812,2,4,1,1,0,0,0,0,0,1,0,0,0,0,0,0,0,1,0,0,1,1
0,0,0,0,25,36,1,8065,3,2,2,1,1,0,0,0,0,1,0,1,0,0,0,0,1,0,0,0,0,1
1,1,0,1,36,21,9,3275,1,4,1,1,1,0,0,0,0,1,0,1,0,0,0,0,1,0,0,0,1,1
1,1,0,1,52,24,2,2223,4,4,2,1,0,0,0,1,0,1,0,1,1,0,0,0,1,0,0,0,1,1
1,1,0,1,66,12,5,1480,2,4,3,1,0,1,1,1,1,1,0,1,1,0,0,0,0,0,1,0,0,0
0,0,0,0,25,24,5,1371,4,4,1,1,0,0,0,0,0,1,0,0,0,0,0,0,0,1,0,0,0,1
1,1,0,1,37,36,5,3535,4,4,2,1,1,0,0,0,0,1,0,1,0,0,0,0,1,0,0,0,1,1
1,0,0,0,25,18,2,3509,4,1,1,1,0,0,0,0,0,1,0,0,0,0,0,1,1,0,0,0,1,1
1,1,0,1,38,36,9,5711,4,2,2,1,1,0,0,1,1,1,0,1,0,0,0,0,1,0,0,0,1,1
1,0,0,0,67,18,7,3872,2,4,1,1,1,1,0,0,0,1,0,0,0,0,0,0,1,0,1,0,0,1
0,1,0,1,25,39,2,4933,2,2,2,1,0,1,0,0,0,1,0,1,0,0,0,1,1,0,0,0,1,1
1,1,0,1,60,24,5,1940,4,4,1,1,1,0,0,1,1,1,0,1,0,0,0,0,1,0,0,0,1,1
1,1,0,1,31,12,8,1410,2,2,1,1,1,1,0,0,0,1,0,0,0,0,0,0,1,0,0,0,0,0
0,0,0,0,23,12,5,836,4,2,1,1,0,1,0,1,0,1,0,0,1,0,0,0,1,0,0,1,0,0
1,1,0,0,60,20,9,6468,1,4,1,1,1,1,0,0,0,1,0,0,0,0,0,0,1,0,1,0,0,1
1,1,0,1,35,18,0,1941,4,2,1,1,1,1,0,1,1,1,0,0,0,0,0,0,1,0,0,0,0,0
1,1,0,1,40,22,2,2675,3,4,1,1,0,0,0,1,1,1,0,0,0,0,0,0,1,0,0,0,1,1
1,1,0,1,38,48,9,2751,4,3,2,2,1,0,0,0,0,1,0,1,0,0,0,0,1,0,0,0,1,1
0,1,0,1,50,48,1,6224,4,4,1,1,0,1,0,0,0,0,0,0,0,0,0,0,0,0,0,0,1,1
0,1,0,1,27,40,1,5998,4,3,1,1,1,0,0,0,0,1,0,1,1,0,0,0,1,0,0,0,0,1
0,0,0,0,39,21,0,1188,2,4,1,2,0,1,0,0,0,1,0,0,0,0,0,0,1,0,0,0,1,1
1,1,0,1,41,24,9,6313,3,4,1,2,1,0,0,0,0,1,0,0,0,0,0,0,1,0,0,0,1,1
1,1,0,0,27,6,3,1221,1,2,2,1,0,0,0,0,0,1,0,1,0,0,0,0,1,0,0,0,0,1
1,1,0,0,51,24,3,2892,3,4,1,1,0,1,1,0,0,1,0,0,0,0,0,0,0,0,0,0,1,1
1,1,0,1,32,24,3,3062,4,3,1,1,1,0,0,1,1,1,0,0,0,0,0,0,0,1,0,0,1,1
1,0,0,0,22,9,3,2301,2,4,1,1,0,0,0,1,0,1,0,0,0,0,0,0,0,1,0,1,0,1
0,1,0,1,51,18,9,7511,1,4,1,2,1,0,0,0,0,1,0,0,0,0,0,0,0,0,0,0,1,1
1,0,0,0,22,12,3,1258,2,4,2,1,0,0,0,0,0,1,0,1,0,0,0,0,0,1,0,1,0,0
1,1,0,0,54,24,5,717,4,4,2,1,1,0,0,0,0,0,0,0,0,0,0,0,1,0,0,0,1,1
1,1,0,1,35,9,5,1549,4,2,1,1,0,1,0,0,0,1,0,0,0,0,0,0,1,0,0,1,0,0
1,1,0,1,54,24,1,1597,4,4,2,2,0,0,0,0,0,1,0,1,0,0,0,0,0,0,0,0,1,1
1,0,0,0,48,18,2,1795,3,4,2,1,1,1,0,0,0,1,0,1,1,0,0,1,0,1,0,0,1,0
1,0,0,0,24,20,3,4272,1,4,2,1,0,0,0,0,0,1,0,1,0,0,0,0,1,0,0,0,1,1
1,1,0,1,35,12,2,976,4,4,2,1,0,0,0,0,0,1,0,1,0,0,0,0,1,0,0,0,1,1
1,0,0,0,24,12,5,7472,1,2,1,1,0,1,0,0,0,1,0,0,0,0,0,0,0,1,1,0,0,0
0,1,0,1,24,36,5,9271,2,1,1,1,1,0,0,0,0,1,0,0,0,0,0,0,1,0,0,0,1,1
1,1,1,0,26,6,2,590,3,3,1,1,0,1,0,0,0,1,0,0,0,0,0,0,1,0,0,1,0,0
1,1,0,1,65,12,2,930,4,4,4,1,0,0,0,0,0,1,0,1,0,0,0,0,1,0,0,0,1,1
1,1,0,1,55,42,9,9283,1,2,1,1,1,1,0,0,0,1,1,0,1,0,0,0,0,0,1,0,0,1
0,0,0,0,26,15,5,1778,2,1,2,1,0,1,0,0,0,1,0,0,0,0,0,0,0,1,0,1,0,0
1,1,0,0,26,8,0,907,3,2,1,1,1,1,0,0,0,1,0,0,0,0,0,0,1,0,0,1,0,1
1,1,0,0,28,6,2,484,3,3,1,1,0,1,0,0,0,1,0,0,1,0,0,1,1,0,0,0,1,0
0,1,0,1,24,36,9,9629,4,4,2,1,1,0,0,0,0,1,0,1,0,0,0,0,1,0,0,0,1,1
0,1,0,1,54,48,4,3051,3,4,1,1,0,0,0,0,0,1,0,0,0,0,0,0,1,0,0,0,0,1
0,1,0,1,46,48,5,3931,4,4,1,2,0,0,0,0,0,1,0,0,0,0,0,0,0,0,0,0,1,1
1,0,0,0,54,36,5,7432,2,2,1,1,0,1,0,0,0,0,0,0,0,0,0,0,0,1,0,0,0,1
1,1,0,0,62,6,4,1338,1,4,1,1,0,0,0,1,1,1,0,0,0,0,0,0,1,0,0,0,0,1
1,0,0,0,24,6,2,1554,1,2,2,1,1,0,0,0,0,1,0,1,0,0,0,0,0,1,0,0,1,1
1,1,0,0,43,36,6,15857,2,3,1,1,0,0,0,0,0,1,0,0,0,0,1,0,1,0,1,0,0,1
0,1,0,0,26,18,2,1345,4,3,1,1,0,0,0,0,0,1,0,0,1,0,0,0,1,0,0,0,0,1
1,1,0,0,27,12,5,1101,3,2,2,1,1,0,0,0,0,1,0,0,0,0,0,0,1,0,0,0,0,1
1,1,0,0,24,12,2,3016,3,1,1,1,0,1,1,0,0,1,0,0,0,0,0,0,1,0,0,0,0,1
0,1,0,1,41,36,3,2712,2,2,1,2,0,0,0,0,0,1,0,0,1,0,0,0,1,0,0,0,1,1
1,1,0,1,47,8,5,731,4,4,2,1,0,0,0,0,0,1,0,1,0,0,0,0,1,0,0,0,1,0
1,1,0,0,35,18,3,3780,3,2,2,1,1,0,0,0,0,1,0,1,0,0,0,0,1,0,0,1,0,1
1,1,0,0,30,21,5,1602,4,3,2,1,1,0,0,0,0,1,0,1,0,0,0,0,1,0,0,0,1,1
0,0,0,0,33,18,5,3966,1,4,3,1,1,0,0,0,0,1,0,1,1,0,0,0,0,1,0,0,1,1
0,1,0,1,36,18,0,4165,2,2,2,2,0,0,0,0,0,1,0,0,0,0,0,0,1,0,0,0,0,1
0,1,0,1,47,36,9,8335,3,4,1,1,0,0,0,0,0,1,0,0,0,0,0,0,0,0,0,0,1,1
1,1,0,1,38,48,0,6681,4,4,1,2,1,1,0,0,0,0,0,0,0,0,0,0,0,0,0,0,0,1
1,1,0,1,44,24,0,2375,4,2,2,2,1,0,0,1,1,0,0,0,0,0,0,0,1,0,0,0,0,1
0,0,0,0,23,18,5,1216,4,3,1,1,1,0,0,0,0,1,0,0,0,0,0,0,0,1,0,1,0,1
0,1,0,1,29,45,0,11816,2,4,2,1,0,0,0,0,0,1,0,0,0,0,0,0,0,1,0,0,1,1
1,0,0,0,42,24,2,5084,2,4,1,1,1,1,0,0,0,1,0,0,0,0,0,0,1,0,0,0,1,1
0,0,0,0,25,15,2,2327,2,3,1,1,0,1,1,0,0,1,0,0,0,0,0,0,1,0,0,1,0,0
0,1,0,1,48,12,5,1082,4,4,2,1,0,0,0,0,0,1,0,0,1,0,0,0,1,0,0,0,0,1
1,0,0,0,21,12,2,886,4,2,1,1,0,0,0,0,0,1,0,0,0,0,0,0,1,0,0,0,0,1
1,0,0,0,23,4,3,601,1,3,1,2,0,0,0,0,0,1,0,0,0,0,0,0,0,1,0,1,0,0
1,1,0,1,63,24,9,2957,4,4,2,1,1,0,0,0,0,1,0,1,0,0,0,0,1,0,0,0,1,1
1,1,0,0,46,24,2,2611,4,3,2,1,0,0,0,0,0,1,0,1,0,0,1,0,1,0,0,0,1,1
0,1,0,1,29,36,3,5179,4,2,1,1,0,0,0,0,0,1,0,0,0,0,0,0,1,0,0,0,1,1
1,1,0,1,28,21,9,2993,3,2,2,1,0,0,0,0,0,0,0,0,0,0,0,0,1,0,0,0,0,0
0,0,0,0,23,18,7,1943,4,4,1,1,0,0,0,0,0,1,0,0,0,0,0,0,1,0,0,1,0,1
1,1,0,1,50,24,0,1559,4,4,1,1,1,0,0,0,0,1,1,0,1,0,0,0,1,0,0,0,1,1
1,1,0,1,47,18,3,3422,4,4,3,2,1,0,0,0,0,1,0,0,1,0,0,0,1,0,0,0,1,1
1,1,0,1,35,21,3,3976,2,3,1,1,1,1,0,0,0,1,0,0,0,0,0,0,1,0,0,0,1,1
0,1,0,1,68,18,5,6761,2,4,2,1,0,0,0,0,0,1,0,0,0,0,0,0,0,1,0,0,0,1
1,1,0,0,28,24,5,1249,4,2,1,1,0,0,0,0,0,1,0,0,0,0,0,0,1,0,0,1,0,1
1,1,0,1,59,9,2,1364,3,4,1,1,0,0,0,0,0,1,0,0,0,0,0,0,1,0,0,0,1,1
0,1,0,1,57,12,2,709,4,4,1,1,0,0,0,0,0,1,0,0,0,0,0,0,1,0,0,0,1,0
0,1,1,0,33,20,5,2235,4,2,2,1,0,0,0,0,0,1,0,1,1,0,0,1,0,1,0,0,0,1
1,1,0,1,43,24,9,4042,3,4,2,1,1,0,0,0,0,1,0,1,0,0,0,0,1,0,0,0,1,1
1,1,0,1,35,15,2,1471,4,4,2,1,1,0,0,0,0,1,0,1,0,0,0,0,0,0,0,0,0,1
0,1,0,1,32,18,5,1442,4,4,2,2,0,0,0,0,0,1,1,0,0,0,0,0,0,0,0,0,1,0
1,1,0,1,45,36,5,10875,2,2,2,2,1,0,0,0,0,0,0,0,0,0,0,0,1,0,0,0,1,1
1,1,0,0,33,24,5,1474,4,3,1,1,1,0,0,1,0,1,0,0,0,0,0,0,1,0,0,1,0,1
1,0,0,0,40,10,8,894,4,3,1,1,1,0,0,0,0,1,0,0,0,0,0,0,1,0,0,0,1,1
1,1,0,1,28,15,3,3343,4,2,1,1,1,0,0,0,0,1,0,1,0,0,0,0,0,0,0,0,0,1
0,0,0,0,29,15,5,3959,3,2,1,1,1,0,0,0,0,1,0,0,0,0,0,0,1,0,0,0,0,1
1,1,1,1,26,9,5,3577,1,2,1,2,0,0,0,1,0,1,0,0,0,0,0,1,0,1,0,0,0,1
1,1,0,1,27,24,9,5804,4,2,2,1,0,0,0,1,1,1,0,1,0,0,0,0,1,0,0,0,0,1
0,1,0,0,28,18,0,2169,4,2,1,1,1,0,0,0,0,0,0,0,0,0,0,0,1,0,0,0,0,1
0,0,0,0,35,24,2,2439,4,4,1,1,1,0,0,0,0,1,0,0,0,0,0,0,1,0,0,1,0,1
1,1,0,1,32,27,3,4526,4,2,2,2,1,0,0,1,1,1,0,1,0,0,0,0,1,0,0,1,0,0
0,1,0,1,25,10,3,2210,2,2,1,1,0,0,0,0,0,1,0,0,1,0,0,0,0,1,0,0,0,0
1,0,0,0,20,15,3,2221,2,4,1,1,0,0,0,1,1,1,0,0,0,0,0,0,0,1,0,0,0,1
1,0,0,0,27,18,2,2389,4,1,1,1,0,0,0,0,0,1,0,0,0,0,0,0,1,0,0,1,0,1
1,1,0,1,42,12,3,3331,2,4,1,1,0,0,0,0,0,1,0,1,0,0,0,0,1,0,0,0,1,1
1,1,0,1,37,36,0,7409,3,2,2,1,0,0,0,0,0,1,0,0,0,0,0,0,1,0,0,0,1,1
1,0,0,0,24,12,3,652,4,4,1,1,0,0,0,0,0,1,0,0,0,0,0,0,0,1,0,0,1,1
1,0,0,0,40,36,3,7678,2,4,2,1,1,0,0,1,1,0,0,0,0,0,0,0,1,0,0,0,1,1
1,1,1,1,46,6,5,1343,1,4,2,2,0,1,1,0,0,1,0,1,0,0,0,0,1,0,0,0,1,1
1,1,0,1,26,24,0,1382,4,1,2,1,1,0,0,1,0,1,0,1,0,0,0,0,1,0,0,0,1,1
1,0,0,0,24,15,4,874,4,1,1,1,0,0,0,0,0,1,0,0,0,0,0,0,1,0,0,1,0,1
1,1,0,1,29,12,3,3590,2,2,1,2,0,0,0,0,0,1,0,0,0,0,1,0,1,0,0,0,0,0
1,0,0,0,40,11,5,1322,4,4,2,1,0,1,0,1,1,1,0,1,0,0,0,0,1,0,0,0,0,1
1,1,0,1,36,18,2,1940,3,4,1,1,1,0,0,0,0,1,1,0,1,0,1,0,0,0,0,1,0,1
1,1,0,1,28,36,2,3595,4,2,1,1,0,0,0,0,0,1,0,0,0,0,0,0,1,0,0,0,1,1
0,1,0,1,27,9,5,1422,3,2,1,1,1,0,0,0,0,1,0,0,0,0,0,0,0,0,0,1,0,1
1,1,0,1,36,30,2,6742,2,3,2,1,0,0,0,0,0,1,0,1,0,0,0,0,1,0,0,0,1,1
1,1,0,1,38,24,9,7814,3,3,1,1,1,0,0,0,0,1,0,0,0,0,0,0,1,0,0,0,1,1
1,1,0,0,48,24,9,9277,2,4,1,1,1,0,0,0,0,1,0,0,0,0,0,0,0,0,0,0,0,1
1,1,0,1,36,30,5,2181,4,4,2,1,0,1,0,0,0,1,0,1,0,0,0,0,1,0,0,0,1,1
1,0,0,0,65,18,2,1098,4,4,2,1,0,0,0,0,0,1,0,1,0,0,0,0,1,0,1,0,0,0
0,1,0,0,43,24,3,4057,3,3,1,1,1,1,0,0,0,1,0,0,0,0,0,0,1,0,0,0,1,1
0,0,0,0,53,12,1,795,4,4,1,1,0,0,0,0,0,1,0,0,0,0,0,0,1,0,0,1,0,1
1,1,0,1,34,24,0,2825,4,3,2,2,1,1,0,0,0,1,0,1,0,0,0,0,1,0,0,0,1,1
0,1,0,1,23,48,0,15672,2,2,1,1,1,1,0,0,0,1,0,0,0,0,0,0,1,0,0,0,0,1
1,1,0,1,34,36,5,6614,4,4,2,1,1,0,0,0,0,1,0,1,0,0,0,0,1,0,0,0,1,1
1,1,0,1,40,28,9,7824,3,4,2,2,1,0,0,0,0,1,1,0,1,0,0,1,0,1,0,1,0,1
1,1,0,1,43,27,0,2442,4,4,4,2,1,0,0,0,0,1,0,1,0,0,0,0,1,0,0,0,1,1
1,1,0,1,46,15,2,1829,4,4,2,1,1,0,0,0,0,1,0,1,0,0,0,0,1,0,0,0,1,1
1,1,1,1,38,12,5,2171,4,4,2,1,0,0,0,0,0,1,0,1,1,0,0,0,1,0,0,0,0,0
1,1,0,1,34,36,9,5800,3,4,2,1,1,1,0,0,0,1,0,1,0,0,0,0,1,0,0,0,0,1
1,1,0,1,29,18,2,1169,4,3,2,1,1,0,0,0,0,1,0,1,0,0,0,0,1,0,0,0,0,1
1,1,0,1,31,36,9,8947,3,2,1,2,1,0,0,0,0,0,0,0,0,0,0,0,1,0,0,0,1,1
1,0,0,0,28,21,2,2606,4,4,1,1,1,0,0,0,0,1,0,0,0,0,0,0,0,1,0,1,0,1
1,0,1,0,35,12,3,1592,3,2,1,1,0,0,0,1,1,1,0,1,0,0,0,0,1,0,0,0,1,1
1,0,0,0,33,15,3,2186,1,4,1,1,0,0,0,0,0,1,0,0,1,0,0,0,0,1,0,0,1,0
0,1,0,1,42,18,3,4153,2,3,1,1,0,0,0,0,0,1,0,0,0,0,1,0,1,0,0,0,0,1
0,1,0,1,43,16,5,2625,2,4,1,1,1,0,0,0,0,1,0,1,1,0,0,1,0,1,0,0,1,1
1,1,0,0,44,20,5,3485,2,4,2,1,1,0,0,0,0,1,0,1,0,0,0,0,1,0,0,1,0,1
1,1,0,1,42,36,9,10477,2,4,2,1,0,0,0,0,0,1,0,1,0,0,0,0,0,0,0,0,1,1
1,1,0,0,40,15,2,1386,4,2,1,1,1,0,0,0,0,1,0,0,0,0,0,0,0,1,0,0,0,1
1,1,0,1,36,24,2,1278,4,1,1,1,1,0,0,0,0,1,0,0,0,0,0,0,1,0,0,0,1,1
1,1,0,1,20,12,2,1107,2,2,1,2,1,0,0,0,0,1,0,0,0,0,0,0,0,1,0,0,0,1
1,1,1,1,24,21,5,3763,2,2,1,1,0,0,0,0,0,1,0,0,0,0,1,0,1,0,0,0,1,0
1,1,0,0,27,36,1,3711,2,2,1,1,0,1,0,0,0,1,0,0,0,0,0,0,1,0,0,0,0,1
1,0,0,0,46,15,9,3594,1,2,2,1,0,0,0,0,0,0,0,0,0,0,0,0,1,0,0,1,0,0
1,0,0,0,33,9,5,3195,1,2,1,1,0,1,0,0,0,1,0,0,0,0,0,0,1,0,0,0,0,0
1,0,0,0,34,36,2,4454,4,4,2,1,0,0,0,0,0,0,0,0,0,0,0,0,1,0,0,0,0,1
0,0,0,0,25,24,3,4736,2,4,1,1,0,1,0,0,0,1,0,1,1,0,0,0,1,0,0,1,0,0
1,0,0,0,25,30,2,2991,2,4,1,1,0,1,0,0,0,1,0,0,0,0,0,0,1,0,0,0,1,1
1,1,0,0,28,11,0,2142,1,2,1,1,1,0,0,1,1,1,0,0,0,0,0,0,1,0,0,0,1,1
0,1,0,1,31,24,0,3161,4,2,1,1,1,0,0,0,0,1,1,0,0,0,0,0,0,1,0,0,0,1
0,0,1,0,32,48,6,18424,1,2,1,1,1,1,0,0,0,1,0,0,1,0,0,0,1,0,0,0,0,1
1,1,0,1,32,10,9,2848,1,2,1,2,0,0,0,1,0,1,0,0,0,0,1,0,1,0,0,0,0,1
0,1,0,1,68,6,5,14896,1,4,1,1,1,0,0,0,0,1,0,0,1,0,0,0,1,0,0,0,1,1
0,1,0,0,33,24,3,2359,1,1,1,1,0,0,0,1,0,1,0,0,0,0,0,0,1,0,1,0,0,1
0,1,0,1,39,24,3,3345,4,2,1,1,1,0,0,0,0,1,0,0,0,0,0,0,0,1,0,0,1,1
1,0,0,0,28,18,3,1817,4,2,2,1,0,0,0,0,0,1,0,1,0,0,0,0,1,0,0,0,0,1
1,1,0,1,37,48,2,12749,4,1,1,1,1,0,0,1,1,0,0,0,0,0,0,0,1,0,0,0,1,1
0,0,0,0,22,9,2,1366,3,4,1,1,0,0,0,0,0,1,0,0,0,0,0,0,0,1,0,1,0,1
1,1,0,1,30,12,5,2002,3,4,1,2,1,1,0,0,0,1,0,0,0,0,0,0,0,1,0,0,1,1
0,1,0,0,55,24,3,6872,2,1,1,1,1,0,0,0,0,1,1,0,1,0,0,0,1,0,0,1,0,1
0,1,0,1,46,12,5,697,4,2,2,1,1,0,0,0,0,1,1,0,1,0,0,0,1,0,0,1,0,1
1,0,0,0,21,18,3,1049,4,4,1,1,0,0,0,0,0,1,0,1,0,0,0,0,0,1,0,1,0,1
0,1,0,1,39,48,9,10297,4,4,3,2,1,0,0,0,0,1,0,0,0,0,0,0,0,0,0,0,1,1
1,1,0,1,58,30,2,1867,4,4,1,1,1,0,0,0,0,1,0,0,0,0,0,0,1,0,0,0,1,1
1,1,0,1,43,12,5,1344,4,2,2,2,0,0,0,0,0,0,0,0,0,0,0,0,1,0,0,0,0,0
1,1,1,1,24,24,3,1747,4,1,1,1,0,0,0,0,0,1,0,0,0,0,1,0,1,0,0,1,0,0
0,0,0,0,22,9,2,1670,4,2,1,1,1,1,0,0,0,1,0,0,0,0,0,0,1,0,0,1,0,1
1,1,0,1,30,9,5,1224,3,1,2,1,0,0,0,0,0,1,0,1,0,0,0,0,1,0,0,0,0,1
1,1,0,1,42,12,2,522,4,4,2,2,1,0,0,1,1,1,0,1,0,0,0,0,1,0,0,0,1,1
1,0,0,0,23,12,2,1498,4,1,1,1,0,0,0,0,0,1,0,0,1,0,0,0,1,0,0,0,0,1
0,1,0,1,30,30,2,1919,4,3,2,1,0,1,0,1,0,0,0,0,0,0,0,0,1,0,0,1,0,1
0,0,0,0,28,9,2,745,3,2,1,1,0,1,1,0,0,1,0,0,0,0,0,0,1,0,0,0,0,0
1,1,0,0,30,6,2,2063,4,3,1,1,1,1,0,0,0,1,0,0,0,0,0,0,0,1,0,1,0,1
0,1,0,1,42,60,1,6288,4,4,1,1,0,1,0,0,0,1,0,0,0,0,0,0,0,0,0,0,0,1
1,1,0,1,46,24,9,6842,2,4,2,2,1,0,0,0,0,1,0,1,0,0,0,0,1,0,0,0,0,1
1,1,0,1,45,12,5,3527,2,3,1,2,1,0,0,0,0,1,0,0,0,0,0,0,1,0,0,1,0,1
1,1,1,1,31,10,5,1546,3,2,1,2,0,0,0,0,0,1,0,0,0,0,0,0,1,0,0,0,0,0
1,1,0,1,31,24,3,929,4,2,1,1,1,0,0,0,0,1,0,0,0,0,0,0,1,0,0,0,1,1
1,1,0,1,42,4,5,1455,2,1,3,2,0,0,0,0,0,1,0,1,0,0,0,0,1,0,0,0,1,0
1,0,0,0,46,15,3,1845,4,1,1,1,0,0,0,0,0,1,0,0,0,0,0,1,0,1,0,1,0,1
1,0,0,0,30,48,5,8358,1,1,2,1,0,1,0,1,1,1,0,0,0,0,0,0,1,0,0,1,0,1
0,1,0,1,30,24,3,3349,4,4,1,2,1,0,0,1,1,1,1,0,0,0,0,0,0,0,0,1,0,1
1,1,0,1,38,12,5,2859,4,4,1,1,1,0,0,0,0,1,0,0,0,0,0,0,1,0,1,0,0,1
0,1,0,0,43,18,3,1533,4,1,1,2,0,0,0,0,0,1,0,0,0,0,1,0,1,0,0,1,0,0
0,1,0,1,31,24,2,3621,2,4,2,1,0,0,0,1,0,1,0,0,0,0,0,0,1,0,0,0,1,1
1,1,0,0,40,18,0,3590,3,3,3,2,1,1,0,0,0,1,0,1,0,0,0,0,1,0,1,0,0,0
0,1,0,1,24,36,0,2145,2,1,2,1,1,0,0,0,0,0,0,0,0,0,0,0,1,0,0,0,1,1
0,0,0,0,28,24,9,4113,3,4,1,1,0,1,0,1,1,1,0,0,0,0,0,0,0,1,0,1,0,1
0,0,0,0,26,36,3,10974,4,2,2,1,1,0,0,0,0,1,0,0,0,0,0,0,1,0,1,0,0,1
1,0,0,0,29,12,5,1893,4,4,1,1,1,0,0,0,0,1,0,0,0,0,0,1,1,0,0,0,0,1
1,0,0,0,57,24,2,1231,4,4,2,1,1,0,0,1,1,1,0,1,0,0,0,0,0,1,0,0,1,1
1,1,0,1,49,30,2,3656,4,4,2,1,0,1,1,0,0,1,0,1,0,0,0,0,1,0,0,0,1,0
1,1,0,1,37,9,2,1154,2,4,3,1,0,1,0,0,0,1,0,1,0,0,0,0,1,0,0,0,1,0
0,1,0,1,45,28,5,4006,3,2,1,1,0,0,0,0,0,1,0,0,0,0,0,0,1,0,0,0,0,0
1,1,0,1,30,24,3,3069,4,4,1,1,0,1,0,1,0,1,0,0,0,0,0,0,0,0,0,0,1,1
1,1,0,0,30,6,2,1740,2,2,2,1,0,0,0,0,0,1,0,1,0,0,0,0,0,1,0,0,1,1
1,1,0,0,47,21,5,2353,1,4,2,1,0,1,0,0,0,0,0,0,0,0,0,0,1,0,0,0,0,1
1,1,0,1,29,15,5,3556,3,2,1,1,0,0,0,0,0,1,0,0,0,0,0,0,1,0,0,0,0,1
0,1,0,1,35,24,2,2397,3,2,2,1,1,0,0,1,1,1,0,0,1,0,0,0,1,0,0,0,1,1
1,1,0,0,22,6,7,454,3,1,1,1,0,1,0,0,0,1,0,0,0,0,0,0,1,0,0,1,0,0
1,0,0,0,26,30,2,1715,4,1,1,1,0,1,0,0,0,1,0,0,0,0,0,0,1,0,0,0,0,1
0,1,0,1,23,27,2,2520,4,2,2,1,0,1,0,1,1,1,0,1,0,0,0,0,1,0,0,0,0,0
1,0,0,0,54,15,2,3568,4,2,1,1,1,0,0,0,0,1,0,0,1,0,0,0,0,1,0,0,1,1
1,1,0,0,29,42,2,7166,2,4,1,1,1,0,0,0,0,1,0,0,0,0,0,0,0,1,0,0,1,1
1,1,0,1,40,11,5,3939,1,2,2,2,0,0,0,0,0,1,0,1,0,0,0,0,1,0,0,0,0,0
1,1,0,1,22,15,7,1514,4,2,1,1,0,1,0,1,0,1,0,0,0,0,0,1,1,0,0,0,0,1
1,1,0,1,43,24,5,7393,1,4,1,2,0,0,0,0,0,1,0,0,0,0,0,0,1,0,0,0,0,0
0,0,0,0,29,24,5,1193,1,4,2,1,0,0,0,0,0,1,1,0,0,0,1,0,0,1,1,0,0,0
0,1,0,1,36,60,0,7297,4,4,1,1,0,0,0,0,0,1,0,0,0,0,1,0,0,1,0,0,1,1
1,0,0,0,33,30,2,2831,4,2,1,1,1,0,0,0,0,1,0,1,0,0,0,0,1,0,0,0,0,1
1,0,0,0,57,24,2,1258,3,3,1,1,0,1,1,1,1,1,0,0,0,0,0,0,1,0,0,0,0,0
1,0,0,0,64,6,2,753,2,3,1,1,0,1,0,0,0,1,0,0,0,0,0,1,1,0,0,0,0,1
1,1,0,1,42,18,0,2427,4,2,2,1,0,1,0,0,0,0,0,0,0,0,0,0,1,0,0,0,1,1
0,1,0,1,47,24,5,2538,4,4,2,2,0,0,0,0,0,0,0,0,0,0,0,0,1,0,0,0,1,0
0,1,0,0,25,15,5,1264,2,2,1,1,0,1,0,1,0,1,1,0,0,0,0,0,0,1,0,0,0,1
0,1,0,1,49,30,3,8386,2,2,1,1,0,1,0,0,0,1,0,1,0,0,0,0,1,0,0,0,1,1
0,1,0,1,33,48,0,4844,3,2,1,1,1,0,0,0,0,1,0,0,1,0,0,0,0,1,1,0,0,1
1,0,0,0,28,21,5,2923,1,1,1,1,1,1,1,1,0,1,0,0,1,0,0,0,1,0,0,0,0,1
0,1,0,1,26,36,9,8229,2,2,1,2,0,0,0,0,0,1,0,0,0,0,0,0,1,0,0,0,0,1
1,1,0,1,30,24,3,2028,2,2,2,1,0,0,0,0,0,1,0,1,0,0,0,0,1,0,0,0,1,0
1,0,0,0,25,15,3,1433,4,3,2,1,0,0,0,0,0,1,0,1,0,0,0,0,0,1,0,0,0,1
1,1,0,0,33,42,0,6289,2,1,2,1,0,1,1,0,0,1,0,0,0,0,0,0,1,0,0,1,0,1
1,0,0,0,64,13,2,1409,2,4,1,1,0,0,0,1,0,1,0,0,0,0,0,0,1,0,1,0,0,1
1,1,0,1,29,24,9,6579,4,2,1,1,1,0,0,0,0,1,0,0,0,0,0,0,0,0,1,0,0,1
1,1,0,1,48,24,2,1743,4,2,2,1,0,1,0,0,0,1,0,1,0,0,0,0,1,0,0,0,1,0
1,1,0,1,37,12,1,3565,2,1,2,2,0,0,0,0,0,1,0,1,0,0,0,0,1,0,0,1,0,0
1,1,0,1,34,15,2,1569,4,4,1,2,0,0,0,1,0,1,1,0,1,0,0,0,1,0,0,0,1,0
1,1,0,0,23,18,2,1936,2,4,2,1,0,0,0,0,0,1,0,0,0,0,0,0,0,1,0,0,1,0
1,1,0,1,30,36,3,3959,4,3,1,1,1,0,0,0,0,1,0,0,0,0,0,0,1,0,1,0,0,1
1,1,0,1,50,12,5,2390,4,3,1,1,1,0,0,0,0,1,0,0,0,0,0,0,1,0,0,0,1,1
1,0,0,0,31,12,3,1736,3,4,1,1,0,0,0,0,0,1,0,0,0,0,0,0,1,0,0,0,1,0
1,1,0,0,40,30,9,3857,4,4,1,1,1,0,0,0,0,1,0,0,0,0,0,0,1,0,0,0,0,1
1,1,0,1,38,12,2,804,4,4,1,1,0,0,0,0,0,1,0,0,0,0,0,0,1,0,0,0,1,1
0,1,0,1,23,45,2,1845,4,4,1,1,1,0,0,0,0,1,0,0,0,0,0,0,0,0,0,0,0,1
1,1,0,1,27,45,9,4576,3,4,1,1,0,1,0,1,0,1,0,1,0,0,0,0,1,0,1,0,0,1
